replicate,delta_r
0,0.22580416147859386
1,0.16442906768816834
2,0.21039483350768826
3,0.3434881712520189
4,0.39447731354428406
5,0.1689509735766775
6,0.04152112315982405
7,0.012038768550224649
8,0.2449513448184723
9,0.1634813811263578
10,0.15117038063064894
11,0.16292507626084557
12,0.27883958897225913
13,0.4529109671330203
14,0.07887246059457004
15,-0.43152535571039513
16,0.12794602237020186
17,0.47228714741389105
18,-0.24167340134046122
19,-0.14950021521347687
20,0.14238579879052976
21,0.059097021969029884
22,0.47905557302342827
23,-0.09738878826848012
24,-0.06360644057548714
25,-0.21241350750557692
26,0.2845539621682963
27,0.2849105261128004
28,-0.3827154349220266
29,-0.01159884744596179
30,0.12075247725953644
31,0.45902358213250877
32,0.2966495307548541
33,0.3249707447773567
34,0.047747376623997195
35,0.15172652428786587
36,0.3773613132533298
37,0.11535748923717343
38,0.29048929384181316
39,0.3137407648460187
40,0.15969973519276465
41,0.4536379050888475
42,0.16184660751928653
43,-0.205411166913221
44,0.2889264602799598
45,0.31818309772579956
46,0.026434909899329187
47,0.003184349909421194
48,0.34947907069611656
49,-0.004343659759070945
50,-0.1839852251466178
51,0.09688654608103243
52,0.06707697227992998
53,-0.031485183798103555
54,0.24193670538776696
55,0.09118079456586509
56,0.003731864220669956
57,0.3388873670998569
58,-0.07892318705339685
59,-0.06715598417167629
60,0.131092450600941
61,-0.012589092754400268
62,-0.22023161779381478
63,0.6852726330058971
64,0.5893046770061491
65,0.0890743695855474
66,-0.5437972798693571
67,0.34033326627081295
68,0.33505602812954505
69,0.02917268342097325
70,0.32704845422201445
71,0.09644164569576369
72,0.13420766283494062
73,0.1596725380579237
74,0.3933558798566934
75,0.07197299865098028
76,-0.4104528023196833
77,-0.34860572243996385
78,0.08290924346111347
79,0.10615630688309596
80,0.16476278410020195
81,0.016878581954266392
82,0.05420201601597352
83,0.23322098261439703
84,0.05398055277137764
85,0.2103853273601002
86,0.029271599340723597
87,0.4322995132697177
88,0.30286236717729353
89,0.0018928654880274454
90,0.22680074098989564
91,0.17559158107727052
92,-0.068341510443573
93,0.17013081263160115
94,0.18055077767934732
95,0.1551110097103213
96,0.0954819746096749
97,0.612232170924994
98,-0.07124332131370859
99,-0.24677851743342344
100,0.23213056172134913
101,0.38565799983036075
102,0.010950322571436355
103,-0.09537204577795261
104,0.4595067889511048
105,-0.10389709475923614
106,0.2042331494322494
107,-0.00972803168092018
108,-0.1020257899003979
109,0.5196348264222022
110,-0.12639997567176275
111,-0.5448457656946286
112,0.014927005726698417
113,0.2545788365250622
114,0.22046378620438925
115,0.30210965559480313
116,0.22000067543653518
117,0.33255057116325515
118,0.39632712616069876
119,0.11827626410847847
120,0.12327281638888779
121,0.38227134017224074
122,0.2783987100415655
123,0.16824234258775608
124,0.05057569821370497
125,0.18165983435733615
126,0.00929081130371437
127,0.06516575135012068
128,0.3868019961372214
129,0.10430143935731682
130,0.21993983492472113
131,-0.12079745281386034
132,0.4572697952791748
133,0.08456380985910217
134,0.21552018026258105
135,0.34320261819735576
136,-0.32744986017144306
137,0.3719791640566828
138,0.006656540510219702
139,0.306920884066994
140,-0.24437837767368806
141,0.2335535963231379
142,-0.1041630903715333
143,0.05535447947635458
144,0.026671336333778606
145,-0.2019285729444853
146,0.05630715127736882
147,0.4568209221225191
148,-0.25630995035074133
149,0.35650656157638183
150,0.07568680544586517
151,0.14500526935625335
152,0.7563543172896591
153,-0.1458966511411748
154,0.09612988058244447
155,0.00035356673475320233
156,0.15759781223613586
157,0.4467624890409906
158,0.3574355172664274
159,0.09684037799050427
160,0.27072954858187515
161,-0.09482659461529586
162,0.30117060781705574
163,0.20645532126825855
164,0.5798660998374918
165,0.2815576050929659
166,0.37371970881445876
167,0.23423409701827363
168,0.09571920521355595
169,0.1348564733004029
170,0.22465834989442984
171,0.07062113462925762
172,0.2835218535400913
173,0.435402887690749
174,-0.17529258621638177
175,0.1231210629731074
176,-0.10329043701353768
177,0.07555453457008707
178,-0.172698275093326
179,0.6367092945678867
180,0.2798474288355503
181,0.15236413975754276
182,0.029918548606083784
183,0.042640556121000456
184,0.2597614146914561
185,0.008350939635179022
186,0.19522390014635146
187,-0.039846251455321335
188,0.4710882699024842
189,-0.000913074991947524
190,0.21106634880368605
191,0.5067548835403488
192,0.09383331689216606
193,0.17344380647727797
194,0.29933513693799785
195,-0.014852847200072863
196,-0.09814461278437588
197,-0.0526319637857563
198,0.14429145311289732
199,-0.03524712549523323
200,0.18781739309032514
201,0.2611880549728257
202,0.1688591474017466
203,0.38087032071690347
204,0.06077559144039227
205,0.3320866802332239
206,-0.11963638215132427
207,-0.5497213931235478
208,0.2624228995158444
209,-0.0909479220457147
210,0.2308436459763246
211,0.5683823008077259
212,-0.04408348047785818
213,0.12622523371994676
214,-0.38968867299919185
215,-0.0673681568381411
216,0.35367319522393004
217,-0.07541686168591738
218,0.12041028206268356
219,0.005866938062539892
220,0.036416561691128495
221,0.13659230911852413
222,-0.1631716432371959
223,0.10937256024699071
224,0.4104397968564139
225,0.5932780720426212
226,-0.004368610390331262
227,-0.005970678738123236
228,0.329999484534762
229,0.09520585499921708
230,0.059337303730725044
231,-0.06947121625064748
232,-0.15512003449334605
233,0.08569563143128767
234,0.1517895217159056
235,0.24971615274742842
236,-0.08519178530999029
237,-0.2151546390572544
238,0.1628860186506977
239,0.19121051272949918
240,0.061636036461271033
241,0.02225334014664579
242,0.03100786907724895
243,0.33380206721542255
244,-0.19305499098282436
245,0.22610744006928207
246,-0.16245466852523716
247,-0.03158315686155787
248,-0.20980606759868933
249,0.26340379497442346
250,0.031267925003018726
251,-0.07833497712690102
252,-0.056387801534318605
253,0.3541208541911806
254,0.491512401933569
255,0.030572067014346845
256,0.4724727864652791
257,0.21115999737911617
258,0.4220600492687542
259,0.20084070989466843
260,0.023328075449281963
261,0.2869034457652598
262,0.15687151053103185
263,0.2910462862430933
264,0.001971502941663395
265,0.3134383992133085
266,0.01913409653647241
267,0.18157412019772312
268,0.09048466856410994
269,0.26781037647870537
270,0.26092167027391333
271,0.09987405653347034
272,0.19440494759053323
273,0.4112821553186071
274,-0.019369761807449933
275,0.3494181862265837
276,0.4109549299618941
277,-0.0526794363265885
278,0.24599769358801635
279,0.5118120882485655
280,0.1930875288118851
281,-0.013378783636780245
282,-0.13605765803040792
283,0.27605768493937544
284,-0.025963665173291184
285,0.09821844460540388
286,-0.29089719709425654
287,0.04093789273563336
288,0.4440889322982543
289,-0.019637912044152328
290,-0.36884678187603315
291,-0.10999727605719953
292,0.07619373382148849
293,0.19540364559944132
294,0.16374518385294323
295,0.5153285443370517
296,0.0919814983135544
297,0.11488185557604666
298,0.35087737159365195
299,0.23847724957345184
300,0.4445366137539538
301,0.021168434602401028
302,0.4913671125563764
303,-0.05673667766607432
304,0.4030346640989751
305,0.40388656676964774
306,0.28619263539523565
307,0.2046503898588523
308,0.06586805399612228
309,0.3477210470051645
310,0.2941132400912358
311,0.17482082179929484
312,-0.32821659707603856
313,-0.050509115456246145
314,0.2888012354462157
315,0.17965763624637093
316,0.2140752369188792
317,0.005732102695153618
318,0.0046699743413216865
319,0.07421832465163236
320,-0.18237716337113835
321,0.06992341367537691
322,0.08608378315116116
323,0.5715574618084533
324,-0.054822171632598476
325,0.049573183951881455
326,0.04092591636508042
327,0.12764342201356096
328,0.14582752994681902
329,-0.3678244815598112
330,-0.5224384428990799
331,-0.07674087451319062
332,0.4862862651559
333,-0.15624777547084004
334,-0.002040180528086244
335,0.2253877480764584
336,-0.08555496274851326
337,-0.22141928897398722
338,0.09806031894337153
339,0.11512966679186487
340,0.2385963935655458
341,0.33084809487813516
342,-0.0190599105638255
343,0.07367847829762242
344,0.24455313713128946
345,0.17333935667047673
346,0.06380228488314454
347,0.13292826146610884
348,0.019956104807644037
349,0.19566235591527992
350,0.6783777641058033
351,0.2871681767325649
352,-0.039894119739429246
353,0.08156138323349568
354,0.11453197402139899
355,-0.060042592900926506
356,-0.06719847653742589
357,-0.005678497465401444
358,0.37433211910167197
359,0.2814683429631231
360,0.2967214711877162
361,0.12483426774825866
362,0.08295516555719512
363,0.2706322985561872
364,0.23905283400323812
365,0.3549659409202484
366,0.40925495836952197
367,0.48980005505948276
368,0.12764531439877846
369,0.19419231697819597
370,-0.016909135189138433
371,0.4415289456635712
372,0.09046876687764577
373,0.23267569534276408
374,0.22136112400675195
375,0.09021416932967274
376,0.47606877366869926
377,-0.3921006536696974
378,0.3860404945260498
379,0.006795901947263733
380,-0.0046765705758051584
381,-0.13737350753319233
382,0.05377152707413521
383,0.14302583109383182
384,-0.05544496086131456
385,0.3106317782887488
386,0.324684897878027
387,0.2583917698889364
388,0.2774114611100344
389,-0.28827396159633656
390,0.08351717992876106
391,0.4010158668398742
392,0.5043913097548265
393,0.12565039609866963
394,0.34226677871779065
395,0.007523818755180489
396,0.19735798889543713
397,0.3312205621123061
398,0.27411667341585666
399,0.2824886727534467
400,0.3940814822822498
401,0.4112559029618729
402,0.08007387714833636
403,0.29263619967947285
404,0.29136465659147903
405,0.2206941381285485
406,-0.08431406108301914
407,-0.023119069393916877
408,0.27751699006335384
409,0.2362006728754808
410,0.007263147354198807
411,0.188424171480518
412,0.09909764998962318
413,0.23553743026711804
414,0.20565796931620756
415,0.3349747564921102
416,0.16925923101138104
417,0.28132133983392743
418,-0.053909100808032136
419,-0.09920153603423865
420,0.09419413718160217
421,0.1490150473599015
422,0.18022635199862352
423,0.11103450896874156
424,0.5166695756925908
425,-0.08312901085039015
426,0.30566599819585155
427,0.17463564324334796
428,0.0949173143401238
429,0.2682914685360941
430,0.1161023706391674
431,0.4634239130715871
432,0.45790539323848584
433,-0.029046712195406582
434,-0.21805502905905105
435,0.2569286322094094
436,0.2969993384380794
437,0.2114062274554389
438,-0.024582440459894522
439,0.24046955381761498
440,0.11867549024049051
441,0.39672394317710247
442,0.2103209502932007
443,-0.03533742143883811
444,-0.16149810596888672
445,0.1962275502305143
446,0.3791676164653198
447,-0.048578481642521765
448,0.2182854957498367
449,0.08171410052335173
450,0.3688606912650182
451,-0.04006486332903225
452,0.15352425116921792
453,0.4722947984247246
454,0.1876869854608155
455,0.15595180100749373
456,0.09729558036412937
457,-0.28135789738704015
458,0.27624755515052835
459,-0.1891498069958938
460,0.3312259791123881
461,-0.010484654719550568
462,0.18708651134433812
463,0.3016726878159784
464,-0.0982384918819731
465,0.04604997924727422
466,0.46412657514952965
467,-0.036774770436869386
468,0.1237158113435476
469,0.4636107052297231
470,0.150046250278687
471,-0.05118143444032125
472,-0.4096229141702207
473,-0.36841974804520344
474,0.25459167146844264
475,0.4418093046106828
476,-0.1720949431851047
477,0.28948671154301164
478,0.36117664254133386
479,0.09710575135295768
480,0.24286111726245183
481,0.22278958890454792
482,0.23777546342273326
483,-0.2059697202459887
484,0.43348105546896953
485,0.27642141408450926
486,0.3260135204205704
487,-0.13686461271021932
488,-0.15854438004051713
489,0.8098242833021871
490,0.16239862973165486
491,0.4469404511333859
492,0.4354038747877115
493,0.4372624613863698
494,0.19096798828500483
495,0.050793580853668835
496,-0.0543490043810938
497,0.2443701173846563
498,-0.15834270038899545
499,-0.076320852971073
500,0.16569279885181085
501,0.19872472579036465
502,-0.00630011091046092
503,-0.03864694510912764
504,0.3045274447432995
505,0.14031206365421955
506,-0.4817930519978181
507,0.28777192992496736
508,0.2845603874384141
509,0.24239880936241542
510,-0.04803036802063604
511,0.1309308130801911
512,0.3607047946034182
513,0.40690303812304884
514,0.33651814752621895
515,0.2735674261827271
516,0.16470609827349136
517,0.14983626013344542
518,0.21806310837355325
519,0.04070346865784767
520,0.059957605586696994
521,-0.2619082898650653
522,0.2164503135199069
523,0.5305835975151167
524,0.14261607830913897
525,-0.5185923858831746
526,0.22302831154724975
527,-0.42274265182822757
528,-0.059841303314604855
529,-0.10336814702458731
530,0.1723670389794352
531,0.46257682418872265
532,0.1086715897101966
533,0.2154576501208147
534,0.30993515331208366
535,0.0029341664766909387
536,-0.11767500990728513
537,0.4016969421237423
538,0.024620354688691837
539,0.10877237266441142
540,0.010342934904051068
541,0.2869277408015257
542,-0.4134190862076943
543,0.05281930992094053
544,0.41705629442753434
545,0.18908751873735696
546,0.12459455256837765
547,0.32380577775001307
548,0.16494681083115081
549,-0.18114887404905183
550,0.3075973939449529
551,0.040982758952635534
552,-0.12576141747636976
553,-0.09677815861495226
554,0.4261287099698307
555,0.29242227859991937
556,0.2141800576574141
557,0.28060417645662744
558,0.07434642327047447
559,-0.292701770356808
560,0.04930064605220166
561,-0.36820449245987014
562,0.16007023731513034
563,0.08459968108283265
564,0.17512293325353195
565,0.25515375222634573
566,0.23044049149490436
567,0.5784295580605099
568,-0.09962954997818885
569,0.19586099661500128
570,0.2552356631399549
571,-0.24290483052177275
572,0.1379325634203847
573,-0.49436801308020817
574,0.33005684312842287
575,0.24841405953266776
576,-0.08849672512945501
577,-0.0933779580877227
578,0.17121331740123463
579,0.10574921362669326
580,0.005406373788211936
581,0.3332833871850265
582,0.21462946775480393
583,-0.08852337557312429
584,0.03444351547220703
585,0.11185051633226784
586,-0.355049319075184
587,0.12707435902065561
588,0.00997826161206769
589,-0.44855819237081695
590,0.057891698846166115
591,0.10843985892878252
592,0.0089833188794428
593,0.0787342276950547
594,0.28670928522291483
595,-0.14878765035501662
596,0.4211726074886636
597,0.39944058612234856
598,0.24165778938727556
599,0.12306261599724144
600,0.03414414272078364
601,0.4910225101859453
602,0.1488566983846099
603,0.057235050323856035
604,0.5280206830248451
605,0.3591745152901605
606,0.22487557355491855
607,0.06664910879453634
608,0.2697715665714465
609,0.10770608625382544
610,0.14635187856971035
611,0.05145734880629215
612,-0.2861688997051238
613,0.02818254041928854
614,0.22550982674551656
615,0.19833781844343085
616,0.22291853493489389
617,0.2531359578278814
618,0.06904682610926578
619,-0.042764850848828584
620,-0.039236858392038804
621,-0.04584977188628442
622,-0.06893292659381724
623,0.24820486782539486
624,-0.13778160902881587
625,0.3517500024062856
626,0.08490827122570499
627,0.30088031389708625
628,0.34383932163398945
629,0.066723832591997
630,0.3061242033535954
631,0.03512742482649896
632,0.18014849030725455
633,0.29833310700448623
634,0.29820688763846454
635,0.3189298484782458
636,0.16911185510221247
637,0.21164390376473752
638,-0.15876405554795653
639,-0.20093117675282998
640,0.1928724059519888
641,0.03444248287945259
642,0.19389712829870848
643,0.23579071915496805
644,0.1155393726607529
645,0.1971863574766733
646,0.2036829418872551
647,0.04470791810286219
648,0.1107159495210803
649,0.2724992210828458
650,0.23096630190927683
651,-0.07058888385697748
652,0.29924609449698397
653,0.4383757248010607
654,-0.5279582458728966
655,-0.13814571543231596
656,0.07778975732187327
657,-0.27591652344918105
658,0.32124222833721705
659,0.021858902390761548
660,-0.018192773617677904
661,0.12246933683673158
662,0.18141792494182535
663,0.3936398323024977
664,0.340159923435558
665,0.4569300149931266
666,0.053645303242785325
667,0.3730068932959981
668,0.3564398454890681
669,0.08812901903307457
670,-0.008652574814805969
671,0.18891758360441752
672,-0.039723365182910586
673,0.305905778791559
674,0.3568217262146226
675,-0.0771294303483967
676,0.13607541792756556
677,0.1748841204610931
678,0.3889569236587115
679,-0.05190737545891941
680,0.16653907752592795
681,0.4423749954368486
682,0.16812808841897048
683,0.021405657503257958
684,0.009285724743233026
685,0.4214032332661294
686,0.2241678350773254
687,0.16882512881280276
688,0.2442360557452773
689,0.07093908558759926
690,-0.19764743227072218
691,0.0823909422354151
692,0.13907314892241673
693,0.11999002110347065
694,0.36045152588851115
695,0.1648442057302769
696,0.2344105384768275
697,0.2724082571842792
698,0.03794362171626553
699,0.015350079954414883
700,0.44236234261217566
701,0.20778439571221918
702,0.28487914433865164
703,0.4635554117468732
704,0.26629865935604635
705,0.2407122534253645
706,0.13843142376215323
707,-0.0926994142513493
708,0.4666750796578891
709,-0.1832840862300399
710,-0.12027046091399396
711,0.16463567083452996
712,0.23448553786935988
713,0.10918456103347582
714,0.25906072026771076
715,0.1817752519499321
716,0.43374654968324505
717,0.018267072496275683
718,0.5146555621208115
719,0.45992550346931743
720,0.23415683521465686
721,0.05559444779530372
722,0.027075271987285404
723,-0.21306568503309298
724,-0.052268146643791424
725,-0.10464837759317133
726,0.18563313997232866
727,0.33984489408184093
728,0.27228212196040047
729,0.23714271151955926
730,0.060889885416963246
731,-0.15522498986457986
732,0.2845584507942678
733,-0.008983861373706992
734,0.23451746020772618
735,0.3135464564768439
736,-0.3541145892246277
737,-0.14830058980936728
738,-0.019389681982978163
739,0.2721063222084454
740,0.3310943490351001
741,0.05041438495136147
742,0.3861489202739998
743,-0.21158409138295323
744,0.4081518349919265
745,0.7517853915970256
746,0.12211853022515573
747,0.06365119998762012
748,0.21283685616915948
749,0.21095968896835332
750,0.36007428586648554
751,-0.22720385569893167
752,0.0631561190572072
753,0.31586848978137655
754,0.36944432683618
755,0.19334107222489866
756,0.32586429557668917
757,-0.057936623557053285
758,-0.005549906280718081
759,0.3787601881493511
760,0.4440667368601943
761,-0.021720423440945602
762,0.08776873833831908
763,0.14013713776533576
764,0.44637073503377134
765,0.3502258443280367
766,-0.48239242124019277
767,0.13894456548970965
768,-0.5118168352432595
769,0.15483184796453822
770,-0.18732109544226166
771,0.31585462603055864
772,0.4868557509344462
773,0.27224115972407925
774,-0.05520025464820261
775,0.15816888003486287
776,0.17635201979444037
777,0.29267994783354295
778,-0.12815054434667122
779,0.4867427350225739
780,0.4189463488710878
781,-0.21188292481419485
782,0.3335775823774587
783,0.06773430439328545
784,0.15156137382786455
785,0.22156787910988363
786,-0.009761019059269571
787,0.3776210014417146
788,0.18268517623125802
789,0.3828970370192245
790,0.019831711914810035
791,-0.09104291884816018
792,0.02730089771296173
793,0.2726384996667824
794,0.22802456714841285
795,0.10822862218592541
796,0.3196665421285512
797,0.031246860095423046
798,0.25798363786140666
799,-0.05476524090236712
800,0.18516039870824663
801,0.15278576654205478
802,0.009043133398102532
803,0.1098611029352806
804,0.03499736961067684
805,0.39187281987445305
806,-0.12465421122034298
807,0.11320307447229783
808,0.7135840819780186
809,0.02490659545802891
810,-0.10723573608659032
811,0.36234243452628634
812,0.1322033336999961
813,0.25242273887096167
814,0.268507871462027
815,0.007468438446586928
816,0.27265069327848745
817,0.005336942632207409
818,-0.32810687513043924
819,0.2601856434446132
820,0.16131301238400986
821,0.013695356407403436
822,-0.020787363252443708
823,0.004339290924709915
824,-0.289436078383179
825,0.04886978646689186
826,-0.24426115768848464
827,0.40532010445609246
828,0.12733250233791668
829,0.028168871265852907
830,0.3476568839689859
831,-0.47457388481925444
832,-0.3376292423813927
833,0.0514753019957537
834,0.21997822482412752
835,0.37826760606795307
836,0.034075741910153834
837,-0.2529347214464974
838,-0.1270861415277556
839,0.036592070945743155
840,0.02240400744991919
841,0.501156428407422
842,0.26265378534172207
843,0.500083045803595
844,0.30715729466769903
845,0.14335759867172884
846,-0.01007269232658703
847,-0.04663228265080935
848,-0.03315550164649439
849,0.5254142410586093
850,0.3983507045105842
851,-0.10834809804612766
852,0.298985358322366
853,0.6454666929428077
854,0.02428490727174138
855,0.011495569757667745
856,0.4911996261357063
857,-0.2856273137230847
858,0.24668551382259576
859,0.0958764699264987
860,0.17452414996440568
861,0.3182194070512754
862,0.09952234654613329
863,0.42092621246407136
864,-0.15652557207272322
865,0.342021623442428
866,0.281462200826016
867,0.34747743853981405
868,0.16451693880152177
869,0.06450238844934986
870,-0.12975635439210237
871,0.13902130236153862
872,0.3821172694731435
873,-0.04254235981175035
874,-0.04842366809624993
875,-0.005956941948289898
876,-0.2621959536329253
877,-0.15834655257933508
878,0.1777317072498185
879,-0.026064021438061552
880,0.132470571818498
881,0.22212357432950666
882,0.17890031014864324
883,-0.28399464798243024
884,0.07574318187567718
885,0.2256474282507911
886,-0.35561977303275016
887,-0.13304753882991813
888,0.16824029093010692
889,0.14713574212371522
890,0.2230034476458866
891,-0.019047913205132827
892,0.12256067830861389
893,0.42041265651300563
894,-0.0017479511417075738
895,0.08375074217820855
896,0.3688617876411184
897,0.34207641215825607
898,-0.5556114299475754
899,0.3079739531968838
900,0.04229288128564934
901,0.2990383740604896
902,0.12246630479173987
903,0.24288936874509426
904,-0.3273275564329692
905,0.6756723641060772
906,0.3388732633528327
907,0.4135312145300537
908,0.1504428547510561
909,0.004149308386127176
910,0.23186838522529118
911,0.05999849734328522
912,0.2765590316900294
913,0.05402382745234019
914,0.2518810544375471
915,0.000518258588494025
916,0.5290378323724386
917,0.34378723462233574
918,0.09711329837160873
919,0.1902217539643571
920,0.025351051825832527
921,-0.05041396923922942
922,0.3901769928494017
923,0.2179347623815823
924,-0.2314554669249192
925,-0.01721786023720573
926,0.26437277151124927
927,0.510447880635015
928,0.38975972164379835
929,-0.01499995378492458
930,-0.08471247667011042
931,-0.09923100690146566
932,-0.28446611572897457
933,0.13166864035394293
934,0.2542335428921843
935,0.13817961276554047
936,0.3936040053940254
937,-0.0830527258156783
938,-0.05480931254484439
939,0.20171279420661425
940,0.22475033336598788
941,0.17408201936281126
942,-0.10494992532271497
943,0.01547273661109616
944,-0.042485986596652786
945,0.24681595829939457
946,0.2064620430029757
947,0.09556409850640599
948,-0.3047344084677885
949,0.018579646179144316
950,-0.3144097888819691
951,0.24649062501358962
952,0.23263111884482596
953,-0.18794760183005987
954,-0.07029173323269827
955,0.005291855353841843
956,0.6071193186074159
957,0.047135356949171425
958,0.10785391527175173
959,0.27509314594306633
960,0.3850585429861425
961,-0.268893510955082
962,0.17405054404106923
963,0.2323804147982419
964,0.12713560396100215
965,-0.08502925161979721
966,0.3578651730758567
967,0.11205776520332855
968,0.022938085027865263
969,0.3623864120173374
970,-0.09314932817161185
971,0.19949292565439225
972,-0.218037088336119
973,0.08642991438076601
974,0.5640105676526806
975,0.16298853025210455
976,-0.4633816648468379
977,0.27311032339487196
978,0.19999760165703812
979,-0.056831455975530035
980,0.14572407009130675
981,-0.10035967629812143
982,0.04526024986984761
983,0.4426434488447251
984,-0.23607264343530687
985,0.04988743371477258
986,0.47684150375847856
987,-0.061703432403173886
988,0.022544496482600485
989,-0.010258947240772046
990,0.2401596200782325
991,-0.28684193277473946
992,0.02399161078423831
993,0.2419810639492457
994,-0.31595861794882807
995,0.019173219231061744
996,0.39655495549511877
997,0.0004591873799850016
998,-0.06352260787624979
999,0.13042461636596014
1000,0.17860290145998883
1001,0.4069653517340581
1002,0.04551903430996769
1003,0.17179870495101005
1004,0.6604947083928414
1005,0.2099448410888792
1006,0.10327786804240902
1007,-0.039617665295293286
1008,0.5152029183343166
1009,0.3091937398916507
1010,0.16646981880066603
1011,0.10903714803858786
1012,0.0207681957321732
1013,-0.21575720796870307
1014,0.2351780635801659
1015,-0.15749360856148348
1016,0.3456408920597579
1017,0.07835694759754108
1018,0.09920973864123514
1019,-0.25873644955719577
1020,0.46114357014519175
1021,-0.0006910432880411418
1022,0.4467869866928392
1023,0.18727041015019605
1024,0.3057669263233806
1025,-0.08189145047154134
1026,-0.37076861945545897
1027,0.16165876345740166
1028,0.5150361802454516
1029,-0.023347002610342504
1030,-0.037238082333036306
1031,0.02707053479157817
1032,0.010143101748113337
1033,-0.3791070043792717
1034,0.017696925419453335
1035,-0.19255989458044925
1036,-0.11073290281562292
1037,0.007196850943386901
1038,0.31439625802294313
1039,-0.23076492152789937
1040,0.29878279701563637
1041,0.204163241335971
1042,0.16398248563200854
1043,0.08712521347241922
1044,0.336565249378795
1045,-0.3652306645541513
1046,-0.05338637719359621
1047,0.5281822097347928
1048,-0.14367575045641737
1049,0.08197264785065717
1050,-0.005528517415690548
1051,0.18213736105751288
1052,-0.07098307812486476
1053,0.34786741630066687
1054,-0.04321656695045436
1055,0.1719048917218671
1056,-0.16407440925600902
1057,-0.0075570592826867955
1058,-0.011251284394014197
1059,0.2013814769774761
1060,-0.3919476914949429
1061,0.11853596211524253
1062,-0.025219440906789153
1063,-0.4402598563636348
1064,0.41501256687317734
1065,-0.026808881313342303
1066,0.2577097560206532
1067,-0.18222302867007978
1068,-0.02163097202535519
1069,0.3316357534689718
1070,0.10883375595997044
1071,-0.02099263843222654
1072,0.32786898302967893
1073,-0.3694381603178791
1074,-0.06827553601060452
1075,0.49799281399672746
1076,-0.056248339833576994
1077,0.021011074358694704
1078,-0.09800776361849187
1079,0.37297269998155747
1080,-0.20158184671240403
1081,-0.12003803482213815
1082,0.07778094393119606
1083,0.14658936304080178
1084,0.20549249409369136
1085,0.25305160164212265
1086,0.1022977859884696
1087,0.1802522527004754
1088,0.6139732166684275
1089,0.40074077242585815
1090,-0.018516201327664766
1091,-0.059385787181388094
1092,0.41774272202052415
1093,0.13665562334067427
1094,0.20194911610643568
1095,0.17243111111982265
1096,0.2799420151867993
1097,0.008883928823945314
1098,0.2450755847525082
1099,0.22729464200907704
1100,0.3251696036851658
1101,0.004902315568107812
1102,0.5020823996783281
1103,-0.01134489694619148
1104,-0.08675954646245246
1105,0.5711404304220307
1106,0.041732124174183816
1107,0.26588061543450203
1108,0.14792315232221528
1109,-0.12796621348483317
1110,0.040629666755682914
1111,0.49701190971692427
1112,0.015426990456212542
1113,-0.07129139506350823
1114,0.17956053665870023
1115,0.15087107674971056
1116,0.34212674425761286
1117,0.27634402594746615
1118,0.04840325441106974
1119,0.2923618299724179
1120,0.009014017084874287
1121,0.083230984491165
1122,0.25703160953345544
1123,0.5353109531506965
1124,0.1292625416549268
1125,0.2282552544842968
1126,-0.3209265965148036
1127,-0.10908061020178839
1128,-0.11603868199700415
1129,-0.06609879217852457
1130,0.0012378011828326763
1131,0.15215180525495042
1132,-0.30388815003678865
1133,0.30081072339527326
1134,0.33506654696014426
1135,0.5278420313698239
1136,0.1998188095661267
1137,-0.05654909308704542
1138,0.33805087866052885
1139,0.09479143437867132
1140,0.13005831557489694
1141,-0.006799893983613067
1142,0.34928775902043285
1143,0.352972371005303
1144,0.28820444938371187
1145,-0.10984681673830199
1146,0.1774874297097898
1147,0.22905353651094645
1148,0.02850908240993133
1149,0.4175784058261309
1150,0.11984415195656159
1151,0.4604751658511284
1152,-0.12711937791013136
1153,0.26711388252425733
1154,-0.35077051777780766
1155,0.2047735686218585
1156,0.2581637423796477
1157,-0.10011668256567574
1158,0.27265761662987104
1159,-0.027691764285684456
1160,0.3959972106206374
1161,-0.5521254101073205
1162,0.4433914651056294
1163,-0.04630804007257368
1164,0.012953639107317533
1165,-0.1932707847785985
1166,0.4172599222501854
1167,0.5194618232469527
1168,0.19716803829506668
1169,0.6549010738445468
1170,0.3002660202492021
1171,-0.24205190431416201
1172,-0.10614691767247729
1173,0.53496880521332
1174,0.3643503162731299
1175,0.15338199804703115
1176,0.023750011985594843
1177,0.17880446482932544
1178,0.29943112874915145
1179,-0.26499362917289304
1180,0.2334959932894137
1181,0.18534947463431925
1182,0.15680046184015373
1183,0.30769972553999425
1184,0.35138682011253347
1185,-0.39832130046710856
1186,0.14413308496647215
1187,0.2389839389135594
1188,0.09902196674880945
1189,-0.3205992819822008
1190,-0.22280277051804387
1191,0.48369176079881165
1192,0.1678006504388232
1193,-0.11256707398424848
1194,0.41578780515957
1195,0.38255288666439946
1196,0.12444689781618973
1197,0.06278276856635359
1198,0.3085175396563107
1199,0.27909836143455985
1200,0.19700440985412515
1201,0.6387669488499796
1202,-0.1100984728511499
1203,-0.31325839002877365
1204,0.2572842352313365
1205,0.3333716039909173
1206,0.3253656097505533
1207,0.3017187270352297
1208,-0.06786120841909504
1209,0.02352558225470855
1210,-0.07891320187950257
1211,0.39374900698682086
1212,-0.04300780084274129
1213,0.20424800087196193
1214,-0.06377453304138675
1215,0.09751912983234967
1216,-0.18266958929134805
1217,0.3740627284846728
1218,0.10244164159559246
1219,-0.5434842693288956
1220,0.26157275209008
1221,0.4286408821593627
1222,-0.008936950100101676
1223,0.17878502877612024
1224,0.27370310858972785
1225,0.24351052824989805
1226,0.13348925326841393
1227,0.1170272244856322
1228,-0.28069818157524146
1229,0.3448716941634385
1230,0.222794846756848
1231,-0.6079176221644602
1232,-0.005457701061412301
1233,-0.04411082343504316
1234,0.22346807533244586
1235,0.15981265486331997
1236,0.2773557089222574
1237,0.06969297335944613
1238,-0.15831588134936764
1239,-0.06602985729653543
1240,0.15835157558684357
1241,0.22057854747750555
1242,-0.1536371374449827
1243,0.3229624135215029
1244,-0.08065576001534353
1245,-0.19500604926045498
1246,-0.13309351256776542
1247,0.38607939867378716
1248,-0.2815230812954747
1249,0.5245637189233325
1250,0.12133579199525216
1251,0.265980304123206
1252,0.3644155001225021
1253,-0.035203177847446865
1254,0.2712693123780418
1255,0.40063098720502843
1256,0.42925862203818943
1257,0.07279071535534876
1258,-0.03106698885731332
1259,0.514434616099714
1260,-0.18027686871666998
1261,-0.057077524974570776
1262,0.2707357560123512
1263,-0.07761515896965773
1264,0.11923823114597693
1265,0.09534811515541244
1266,0.6028916469029464
1267,0.05679286298788
1268,0.020782570162585917
1269,-0.32947515638491476
1270,0.46358614746953475
1271,0.3078836613592611
1272,0.24407434186490964
1273,-0.4995643170010581
1274,0.054508439955877654
1275,0.27433301078418026
1276,0.22432328607179197
1277,-0.1346812472802416
1278,0.38543906008581963
1279,0.029890249490307108
1280,0.15682706848735375
1281,0.4386776701990434
1282,0.08467093811438987
1283,0.27735662737140887
1284,0.20852649336873813
1285,-0.0968522700141583
1286,-0.015766526665115452
1287,0.023804364901044733
1288,0.4924677686905089
1289,0.2528864868501435
1290,0.1280659546188319
1291,0.1582132704274185
1292,0.5195801844428762
1293,-0.19333810510406887
1294,0.03020113318550323
1295,-0.08392047365163491
1296,0.11328044180439072
1297,0.04929316930315539
1298,0.41356359488790656
1299,0.23318702038060818
1300,0.3068792581869445
1301,-0.31353128854858714
1302,0.0884831132419272
1303,0.22704785956488005
1304,0.3787850896575379
1305,-0.005217895095146002
1306,0.08772820143132062
1307,0.42087780287803234
1308,0.17230159051991734
1309,0.25756635396412225
1310,-0.06779913739312735
1311,0.13108652362849949
1312,-0.21471616038548735
1313,0.1542291046564519
1314,0.11458339440588733
1315,-0.23185795175632726
1316,0.05677119592308505
1317,-0.035217286361298394
1318,-0.15003371504479743
1319,0.3550137537566611
1320,0.04437513176842339
1321,-0.09478573788353706
1322,0.09555210366666961
1323,0.44781606234898574
1324,0.48431243491124737
1325,-0.093938537287442
1326,0.13339075019018362
1327,-0.12303016657653287
1328,-0.07035119466784062
1329,-0.05002606951022248
1330,0.34596584988519286
1331,0.02038183508166358
1332,-0.25532120051558854
1333,0.3673482070741465
1334,-0.027790490662304684
1335,0.06336874334791076
1336,0.4245229870373506
1337,0.16990921908943069
1338,-0.12610309054398655
1339,0.16893994829059106
1340,0.13993620562362077
1341,0.2860159221972608
1342,0.31669928399247343
1343,0.23357081453289222
1344,0.08834192639088773
1345,-0.2667541023483021
1346,0.28438547717546886
1347,0.4099661178126239
1348,-0.11809813314050632
1349,0.04797160302662179
1350,-0.03824743554096366
1351,0.26729207996106047
1352,0.3400427729653303
1353,0.5169778706352192
1354,-0.07508540588382166
1355,0.09483764851128482
1356,0.12762762307375236
1357,0.4169356816418786
1358,0.01624558241660823
1359,-0.09568680029338097
1360,0.33023887398796814
1361,0.37396882857336056
1362,0.17007953636182116
1363,0.5085637163425998
1364,0.3601786016837407
1365,0.33579689850798966
1366,0.3773096139578414
1367,0.2619806686931434
1368,0.085742858138751
1369,0.05260964816640883
1370,0.3407643135899304
1371,-0.03969075324068222
1372,0.06466036559268074
1373,-0.031156593602722715
1374,0.029676342788461874
1375,-0.050954434516441674
1376,0.37891060287464245
1377,0.4433713916600359
1378,0.19609191099280324
1379,0.2792730094670353
1380,0.05723788021312021
1381,0.21435700803294308
1382,0.2438440406740101
1383,-0.3705447804977663
1384,0.0729260902199226
1385,-0.16186683226801513
1386,0.3753691397442418
1387,-0.07449665642213199
1388,0.037395500856108155
1389,0.2941545359088969
1390,0.05740615973376345
1391,-0.3823348852918464
1392,0.5024172601544611
1393,-0.22778390103953428
1394,0.31490361783527326
1395,-0.15376551444320447
1396,0.3671263168336333
1397,0.09801459788563638
1398,0.42466768187945697
1399,0.08334650945367786
1400,-0.14138564055269653
1401,0.4504618009758796
1402,0.12323546814143105
1403,-0.2516480855419612
1404,0.31064907947241643
1405,0.15805420770108397
1406,0.3354211274592487
1407,0.1899841949497878
1408,0.353972190816912
1409,0.16767981003414661
1410,0.1325715120183884
1411,0.11631932634443554
1412,0.2603959531932032
1413,0.14847045893918465
1414,0.0910961195630072
1415,0.16445518162296857
1416,0.0218765234522669
1417,0.2695187155304947
1418,-0.2615362200273594
1419,-0.04838498709661371
1420,-0.09922855163011933
1421,0.27137771739011396
1422,0.007491488300027521
1423,0.2721973969091457
1424,0.13811840160098168
1425,0.09929573511634235
1426,-0.11881647387337783
1427,0.47251349570576545
1428,0.13633925693188945
1429,0.15884184550563824
1430,-0.3586116600053603
1431,-0.03132099248037884
1432,-0.11764533687986733
1433,0.09372213429254753
1434,0.07965313248709541
1435,0.27135132159370523
1436,0.0013399476175251501
1437,0.1600601384594399
1438,-0.03278562731789883
1439,0.3343941625471276
1440,0.3331538709830135
1441,0.29073384854524953
1442,-0.1158621568531956
1443,0.3142855709655098
1444,-0.51128932267555
1445,0.14598331139005521
1446,0.07804925639518856
1447,0.29653404197269967
1448,0.37549117887898004
1449,-0.26512578964287703
1450,0.35691458513837104
1451,0.16758043725743804
1452,0.1512121468622765
1453,0.1199881004019498
1454,0.037839835719319564
1455,-0.022962313747832218
1456,0.4423988057082112
1457,-0.14532386622619
1458,0.05487541752478109
1459,0.18436368499711797
1460,0.13494977778564443
1461,0.40551006197543094
1462,0.16248338518531877
1463,0.05665275812854166
1464,0.17275994984849674
1465,0.2058936957840326
1466,0.3206046205486315
1467,0.15545126221735925
1468,-0.3690444604307557
1469,0.016685334242936306
1470,0.15515288111588801
1471,0.02108667406186087
1472,-0.066619235900534
1473,-0.6372205989375678
1474,0.11732487063162059
1475,0.19809055145284024
1476,0.18577205118788997
1477,-0.05424347131069404
1478,0.08632235529251675
1479,0.11986060614012126
1480,0.3911540456619001
1481,0.008663716209403968
1482,-0.026018522709644665
1483,0.4015480993054812
1484,0.21294805507586867
1485,0.12234363275189152
1486,-0.030875552248366078
1487,-0.17902034691476443
1488,0.27995662703071605
1489,0.3004213438576915
1490,-0.2599161809742345
1491,0.29953823028085985
1492,0.14900186365704676
1493,0.35078581381020685
1494,-0.34136366940887974
1495,0.005762795955172595
1496,0.23784472328795223
1497,0.10830197248354646
1498,-0.13309120352927223
1499,0.42690128096984387
1500,0.551661154221671
1501,0.050157968656924845
1502,0.008324042491655304
1503,0.3358203638924366
1504,-0.08183159810109289
1505,0.23789358208997163
1506,0.33348670948172615
1507,0.1845073244369556
1508,0.19708715513399666
1509,0.3087205317513694
1510,0.1706311467248438
1511,0.12185209817505857
1512,0.06195561601599603
1513,0.41248170300574327
1514,0.0719783492396541
1515,0.18246189770341087
1516,0.2573614948291744
1517,-0.06810701426849197
1518,0.31275490888648033
1519,0.6181953609620612
1520,-0.05020328062207305
1521,0.09463245563001565
1522,0.0035489720557441984
1523,0.3546793600398799
1524,-0.252235200922488
1525,0.08231305394888969
1526,0.31350816996594055
1527,0.2389735892158132
1528,0.44790111928420573
1529,0.2170338020647927
1530,-0.040852324882566904
1531,-0.036305806267395435
1532,0.23342150292024771
1533,0.6017117587838265
1534,-0.016904294267136816
1535,0.2402289967817227
1536,0.47196651902694453
1537,0.5113678136067167
1538,0.3983068223614137
1539,0.33899155504899103
1540,0.2423016435173651
1541,0.11956961536848959
1542,0.2130087032744024
1543,0.11107775445642731
1544,0.05338876328854961
1545,0.029619168150109232
1546,0.44898049379588717
1547,0.10917337649055664
1548,-0.001041245378093525
1549,-0.11634092344043478
1550,0.3889377138777469
1551,0.31700979023886555
1552,-0.08524046271872313
1553,0.11524557379565523
1554,0.3691968388392616
1555,0.263476834618452
1556,-0.05779900950298472
1557,0.21045589364077635
1558,0.07889651717094726
1559,-0.04510665354118559
1560,0.24309007400092317
1561,0.650398167065418
1562,0.05105597996143307
1563,0.3565376040249059
1564,0.07853124632695649
1565,-0.017855154398430256
1566,-0.056704708843291166
1567,-0.10420529579493551
1568,0.6308198596482448
1569,0.04927072786897971
1570,0.12297668356903346
1571,-0.09705320410763929
1572,0.37539786671857256
1573,0.09500608274495122
1574,0.1374210144578377
1575,0.4030768332145293
1576,0.08401635154460724
1577,0.037774569895300925
1578,0.05043211320475521
1579,0.16787265926158584
1580,0.10511927096806722
1581,0.21609876709882447
1582,0.05044552437415181
1583,0.48330539929278465
1584,0.19221070984829838
1585,-0.14162290471608974
1586,-0.04528528027496964
1587,0.36450624031012124
1588,-0.015562975391304107
1589,0.3455362821189138
1590,0.0069460107844581676
1591,0.2712005823335979
1592,0.25085612328253
1593,0.144920189511761
1594,0.2415565299502516
1595,0.11067791786628466
1596,-0.01686833443425921
1597,0.4430318547681321
1598,0.21138783413178486
1599,-0.06401718969373749
1600,0.34498097374253056
1601,0.41305299847833016
1602,0.5339416778265744
1603,0.33383734671343945
1604,-0.0003153296740307683
1605,0.0553676881012347
1606,-0.136184911176377
1607,-0.0119986536755331
1608,-0.3698577485373641
1609,0.14953521755076357
1610,-0.1176892056494696
1611,0.15549176491703054
1612,0.0439849843267856
1613,-0.24910114069020495
1614,-0.08430132838832839
1615,0.4987695160445293
1616,0.3488788151024698
1617,0.33668041095886825
1618,0.22426035586163795
1619,0.16289487240184175
1620,0.12834769330147414
1621,0.2053349243986322
1622,0.04978245219146327
1623,0.19486475535271652
1624,0.2578828533720602
1625,0.30607714075289794
1626,0.1863193261968275
1627,0.044404691432399876
1628,0.16696335837125237
1629,-0.04521457982180527
1630,0.16642627308090924
1631,-0.25050955034637024
1632,0.13400221762438547
1633,-0.017691836225272428
1634,0.09741336826985365
1635,-0.07165248768271865
1636,-0.02125196242955768
1637,0.23107105795454613
1638,0.16713113030743462
1639,0.13984181918469382
1640,-0.020628515637473477
1641,-0.25556074230641745
1642,-0.19618460776364705
1643,-0.1316883582522483
1644,0.17674371687677187
1645,0.07972761636695863
1646,0.19364362151246672
1647,0.03931046474530464
1648,-0.05117203121127237
1649,0.21498735269841399
1650,-0.24449889195260854
1651,0.23841166333103883
1652,0.2794041141419961
1653,0.11274760682900958
1654,0.32319370989050317
1655,0.32308517922197744
1656,0.2265295234122381
1657,-0.11714191946665711
1658,0.2400776620782085
1659,0.428344063353296
1660,0.045562737871266495
1661,0.17683434991823807
1662,0.3123260787499142
1663,0.2418529306891926
1664,0.2842678432487729
1665,-0.15860374373919434
1666,-0.15981468456553743
1667,0.2795893032001988
1668,0.11804556478099133
1669,0.605627159658932
1670,0.018576770921922767
1671,0.23100443248200245
1672,-0.35579508986697217
1673,0.30735002539651335
1674,0.26321030914419424
1675,0.035203869113910005
1676,0.2586783767951204
1677,0.10387430779865656
1678,-0.07223420718786733
1679,0.18580669293292196
1680,0.32985307723439466
1681,0.34892218862854035
1682,0.1110269423591487
1683,-0.12162134063229546
1684,-0.045966761572988735
1685,0.19747478428480092
1686,-0.18333195072861141
1687,0.05128856192327522
1688,0.14523619512580094
1689,0.15383639030806756
1690,-0.20522998774379442
1691,0.011313714792187415
1692,0.018670791289479516
1693,0.3492228308665795
1694,0.02001723962241872
1695,0.14668464277095242
1696,-0.03874435032213108
1697,0.14468366195660892
1698,0.07031464067610277
1699,0.0019376682726894856
1700,-0.38788126568756087
1701,0.08039392109582844
1702,-0.18728388354644981
1703,-0.023707368003977713
1704,-0.20076758019481855
1705,-0.17384399332641196
1706,-0.015085238320528997
1707,-0.015281637262386141
1708,-0.3445208172588015
1709,0.040171903367767825
1710,-0.145730941122097
1711,0.2985419626989939
1712,0.361828696534397
1713,0.6181698786494619
1714,0.06327786642129266
1715,0.1839555042898061
1716,-0.17039590118213327
1717,0.3847300890022024
1718,0.2590272159245898
1719,0.20066991124878014
1720,0.1470588188764291
1721,0.2583747526445511
1722,0.10456658392810908
1723,-0.2849609487062667
1724,0.35409930977540477
1725,-0.17137606982565604
1726,0.32195445077879026
1727,0.16342935591637253
1728,0.2444848082810307
1729,0.13111123122560858
1730,0.08222137055261347
1731,-0.5016542184900339
1732,0.2518977141604237
1733,0.10981600613725576
1734,0.4798530031510133
1735,0.26679341158179837
1736,0.044534859795500724
1737,0.6037080871817114
1738,-0.004291135716935485
1739,0.13890577248838412
1740,0.049349830707886455
1741,0.015025671246577166
1742,0.019269388882840494
1743,0.13056368321320247
1744,0.009451433340507104
1745,0.059658446887521366
1746,-0.23698586845104802
1747,-0.044215490599156526
1748,0.03972001537476588
1749,0.20397594505921351
1750,-0.3374949667678836
1751,0.24812748624890493
1752,0.1225487852239642
1753,0.2695536326881544
1754,-0.10574683741606916
1755,0.23404082364269577
1756,0.23113725614831512
1757,0.24994217600650465
1758,0.03599231157401292
1759,0.4507693035459692
1760,0.017310021959837857
1761,0.06098741038131483
1762,0.03886250169666473
1763,-0.2825235891685166
1764,0.04251399343465509
1765,0.11116971572368187
1766,-0.035399032448929904
1767,0.5916269719524734
1768,0.4550049986084223
1769,0.05103600844506496
1770,0.13166015780872892
1771,-0.10556378259444776
1772,0.08028978194296997
1773,0.11141571069128345
1774,0.013401348909630129
1775,-0.2906298208207605
1776,0.019276715936920652
1777,0.3821518913691257
1778,0.10334310450231726
1779,0.08954250756930754
1780,-0.20755188677565312
1781,-0.021131225484844904
1782,0.22412015496575444
1783,0.2594229482925271
1784,0.24485330123677154
1785,-0.002592004983960783
1786,0.004083801614963023
1787,0.1283062500945268
1788,0.14972670691795648
1789,0.3961556556566146
1790,-0.15632566769848572
1791,0.21015780147288118
1792,-0.20149367003091823
1793,0.08677384107485356
1794,0.02354967780185424
1795,-0.04293380524555368
1796,0.25282033366662815
1797,0.20595979210325155
1798,0.29222272065914373
1799,0.05411674075445851
1800,0.13295375206697796
1801,-0.34276233929398386
1802,0.1245990976300495
1803,0.287958635784889
1804,0.15933058457945723
1805,0.2770680995949795
1806,0.3078252014192076
1807,0.3750538359909984
1808,0.6786298123054875
1809,0.28335717504332475
1810,0.1262868326466279
1811,0.5073613910681822
1812,0.387462750007075
1813,0.12693270996010292
1814,-0.39790557792357295
1815,0.35256005691330133
1816,0.2489353805992232
1817,0.2948639445054606
1818,0.16427766104818223
1819,0.028463474854698023
1820,0.05872978261003903
1821,-0.17539107684936112
1822,0.29855216329933276
1823,0.33826183563511114
1824,-0.10243450113778674
1825,0.5226838381496771
1826,0.004759433389973838
1827,0.23708469462829562
1828,0.16091352087207378
1829,0.3498685871216898
1830,0.19524374000230668
1831,0.0683062061975383
1832,0.28550770097478884
1833,-0.006160291884558022
1834,0.1293602935956048
1835,0.3047793665497373
1836,0.005076850190367799
1837,0.27387269777935136
1838,0.030049260379786946
1839,0.27176152348713334
1840,0.030648162714612404
1841,0.03507807690406439
1842,0.0413719063768756
1843,0.32233137996432204
1844,0.18176060962182514
1845,0.31499272956437163
1846,0.17564552769042527
1847,0.23393321733225972
1848,0.14996424323969174
1849,0.23102399426779358
1850,0.34375384488666444
1851,-0.11823848949385259
1852,0.04629258193087402
1853,0.2614109191883018
1854,-0.012059954232034098
1855,0.10147673887913797
1856,0.12336001384676548
1857,0.07562266735361892
1858,0.21677864058069968
1859,0.44348296735662296
1860,0.6707221133200898
1861,0.459625092463949
1862,0.18078625953635555
1863,0.15640038764871275
1864,0.0691714418767167
1865,0.5524802820003081
1866,-0.0073492597885853606
1867,0.3640461452947741
1868,-0.04703294414748119
1869,-0.029125062815688635
1870,0.22252428724653334
1871,0.07037572548392979
1872,0.5042227724341463
1873,0.49142629217664624
1874,0.07433344046865592
1875,0.2917057943047482
1876,0.17175208298875788
1877,0.29456565198963613
1878,0.08737790333291587
1879,0.37563927839311656
1880,0.10057794030264916
1881,0.2887043695062811
1882,0.22035880109802577
1883,0.3178339407363415
1884,0.0038500004077264005
1885,-0.23674712431048806
1886,0.20462794445897073
1887,0.15170737386716737
1888,0.20601662815472194
1889,0.27700449350426215
1890,0.4578027555880273
1891,0.1822534196726664
1892,-0.37295429745971986
1893,-0.02847518807691904
1894,0.19237706644448216
1895,0.07103536821792644
1896,-0.11189646323656482
1897,0.26192715237755404
1898,0.028951452748044226
1899,0.43314338110350464
1900,0.3134662312505258
1901,0.5435214355425735
1902,0.20202021740891926
1903,-0.12437662646570247
1904,0.20725023512188936
1905,0.16743036400678218
1906,-0.3022868212752635
1907,0.22267213288802573
1908,-0.2225357413114886
1909,0.23977878169999656
1910,0.3712681259818902
1911,0.3614866436437984
1912,0.014186401076994981
1913,0.024299345862461
1914,0.14722292988342223
1915,-0.01240787223286146
1916,0.27632092206739295
1917,0.000656642895265902
1918,0.25551997949862437
1919,0.21612477041478495
1920,-0.05835081663992875
1921,0.05901588092322139
1922,0.6764948117660012
1923,0.2585866647563773
1924,0.3754609388052959
1925,0.295881648850443
1926,0.13451855354433181
1927,-0.1414267546509771
1928,0.19527806737322556
1929,0.43398493663469473
1930,0.22484471482644172
1931,0.1628175837273319
1932,-0.2859194640580007
1933,0.06708536389583841
1934,-0.1489230234930528
1935,0.14542153337814662
1936,-0.007123617184874184
1937,0.1592400780334106
1938,0.8097554270660777
1939,-0.14801793998211488
1940,0.11165974151961963
1941,-0.011465481745999942
1942,0.17482288438429194
1943,-0.21163407291896238
1944,0.1469066679880246
1945,-0.14379674973255713
1946,0.23700486554941835
1947,-0.09917710957593023
1948,-0.08966950766658292
1949,0.4025196241870695
1950,0.3526160721172614
1951,-0.1493884316052655
1952,0.11561102213717503
1953,0.34680958472173495
1954,-0.08935151413001874
1955,-0.033563712361111914
1956,0.3820310111214246
1957,0.21852713314077563
1958,0.4632567342085879
1959,0.15118703419252977
1960,0.014292866521771863
1961,0.34942828531330855
1962,0.2753349340356266
1963,0.17974829598616623
1964,0.25177251793621813
1965,0.3536014841541575
1966,0.17335894755583311
1967,0.28450061290608586
1968,0.26060356137224816
1969,0.5987734893507084
1970,0.28177163980700937
1971,-0.06331680938419285
1972,0.05237805225768094
1973,-0.03496574538065511
1974,-0.16907391447749123
1975,0.21599785247725356
1976,0.2412543054400017
1977,-0.21618934165743725
1978,0.3218476639331588
1979,0.015163925996611427
1980,-0.247216862560587
1981,-0.2086405039218665
1982,0.08738346506330717
1983,0.15287174187083674
1984,0.1657519244419845
1985,0.07513803445734557
1986,0.19811912715586974
1987,0.44608769918398233
1988,0.09956766554975328
1989,0.18421406086057193
1990,0.16700457083080053
1991,0.1545046352530531
1992,0.23194294039587413
1993,0.2194028088724279
1994,-0.001297812492584538
1995,-0.045030727794904135
1996,0.14155473148018194
1997,0.028262569684732272
1998,0.10820720378399523
1999,0.1386268361210491
2000,-0.11070189128312208
2001,0.16587418006531113
2002,0.43323255322235954
2003,0.06715254217247699
2004,0.09123807071812659
2005,0.04325420117433046
2006,0.6691599641695909
2007,0.20631477811511162
2008,0.09990637718702357
2009,-0.05576059330875221
2010,-0.0908061987664206
2011,0.5001380462183284
2012,-0.022789988900022207
2013,0.0944163885218442
2014,0.19054921056924445
2015,0.23411882320543487
2016,-0.2604168369064503
2017,0.5654816691841675
2018,-0.005134107948357419
2019,0.0024204431932487724
2020,0.09872855183086793
2021,0.42535600813821184
2022,0.11742887672658384
2023,0.0086569319183466
2024,0.17276130783886157
2025,0.42226073131852315
2026,0.35377083659930003
2027,0.13703726872554706
2028,-0.10309419933117997
2029,0.24370527975626188
2030,-0.23477768466779128
2031,0.10861816824343908
2032,0.3737467463938675
2033,0.30659308606839875
2034,0.15151803665603977
2035,-0.097938148900378
2036,-0.8198996811515558
2037,0.19841621389340064
2038,0.24069458102088448
2039,0.07109830532846045
2040,0.15524362556680044
2041,0.2556114350488127
2042,-0.11756193908574417
2043,0.11355826276568665
2044,0.08588888863786075
2045,0.36917314714595334
2046,-0.03889606131560347
2047,-0.10734078216253173
2048,0.06280725462860542
2049,-0.22359369008366348
2050,0.19302423067886554
2051,0.3057315368131796
2052,0.02335995061503187
2053,-0.3223092151193745
2054,0.10204209252630606
2055,0.23664461037304702
2056,0.05198460049914977
2057,-0.5203117827077112
2058,0.03482895251699322
2059,0.24769601693027943
2060,-0.028785057531249547
2061,0.11018650083618911
2062,0.19855756035029445
2063,-0.11001801080427355
2064,0.3555960436391745
2065,0.19405712855789603
2066,0.466432023052748
2067,-0.40641807033296423
2068,-0.10267452011156761
2069,-0.02536728837375163
2070,0.014715221504784881
2071,-0.3647407129134016
2072,-0.0994126743633902
2073,0.41747444072983425
2074,-0.05897225181944149
2075,0.24135925336662056
2076,0.12851190851570526
2077,0.7495410380573233
2078,0.16225467414820893
2079,-0.3107040403499548
2080,0.28809941970412084
2081,0.26635593555533066
2082,0.30736972203533797
2083,-0.0673124323664524
2084,0.05963205540247363
2085,-0.09546103754784674
2086,0.22110059150822753
2087,0.1559614499110877
2088,0.38516979587384576
2089,0.09559463944810168
2090,-0.1585784443442041
2091,0.06411810891159267
2092,0.18546119748613976
2093,0.15036448862892798
2094,0.10334181417661378
2095,0.051023555583958796
2096,0.18922228057248913
2097,0.19150081132080787
2098,0.26831318040753704
2099,-0.058456574549570206
2100,0.0735940231648035
2101,0.13295019422363175
2102,-0.06368279623243513
2103,0.5241635125939523
2104,0.21112790353671454
2105,0.18335456309999382
2106,0.1735819072117819
2107,0.11695683671027046
2108,0.43934384796905346
2109,0.06957258348518769
2110,0.01741390702832188
2111,-0.4423163333226251
2112,0.2707342694264799
2113,0.12806283026104537
2114,0.10089076207062334
2115,-0.10270964237824975
2116,0.5020961556971855
2117,0.4666616932187001
2118,-0.23570439772565843
2119,0.4480419472741949
2120,-0.02986388354961647
2121,0.38630008639722885
2122,-0.29473845502595086
2123,0.012194919011565164
2124,0.20372104118315432
2125,0.013540851136969734
2126,0.07327282351023895
2127,0.2055300494480331
2128,0.33065442321009025
2129,0.35473134358089836
2130,0.32769444341456927
2131,0.09749077424830893
2132,0.12388141680145301
2133,0.22176222917709182
2134,0.328160504685355
2135,0.0913505233444845
2136,0.18629505286872014
2137,0.5400767675021192
2138,0.24242014002665654
2139,-0.13668790617559046
2140,0.3182578797397371
2141,0.3251910302321138
2142,0.5708197227436588
2143,-0.39603293342735113
2144,-0.13241886284621765
2145,-0.18141003302538866
2146,-0.11307075390770091
2147,0.09551380414103179
2148,-0.07422570464748196
2149,0.3923368390880538
2150,0.393758572668445
2151,0.15917601993141706
2152,0.0008462313457584525
2153,0.01210096050810068
2154,0.11164269343693399
2155,-0.03840618533857515
2156,-0.2548388985136397
2157,0.466664775698829
2158,0.25470153000321966
2159,0.13111484491895062
2160,-0.027857897954330135
2161,0.028472563157267206
2162,-0.3185512334998447
2163,0.5074632433397632
2164,0.28354524522354907
2165,0.03361541592099276
2166,0.02403198838436446
2167,0.225281965912172
2168,-0.16038559790224882
2169,0.33828714316958075
2170,-0.12161137839366931
2171,0.11939021046929568
2172,0.05975939044956648
2173,0.15017609639932622
2174,0.08917094963021294
2175,0.18028623511703679
2176,0.042675021279038744
2177,0.0032314625636440664
2178,0.04777822809977339
2179,0.06463119688903365
2180,0.08650044024655529
2181,0.373721657417429
2182,0.41710572022701553
2183,0.0669745579023482
2184,0.017320930572912507
2185,0.07060356060569363
2186,0.30615633186352087
2187,-0.045925920358494327
2188,0.23533930560334845
2189,-0.06476836801544805
2190,-0.04873343231008509
2191,0.0692483254874467
2192,0.0227614654409869
2193,0.3315499460121244
2194,0.06790693632473385
2195,0.2233935634811094
2196,0.047541081263233045
2197,0.2928687329767377
2198,0.12898691244261473
2199,0.22830758146747626
2200,0.004209778080532085
2201,-0.1821083745536976
2202,-0.029933654551461242
2203,-0.030953675497743638
2204,0.25068456957075924
2205,0.025122805921424074
2206,-0.18275265106542393
2207,-0.31757404036416303
2208,0.17633089398064994
2209,-0.1241539369614004
2210,0.4281986744804185
2211,-0.09939734766137451
2212,0.41862819296543546
2213,-0.25705005381143575
2214,0.23655628111944005
2215,0.05286014036439203
2216,-0.11182329413911533
2217,-0.043368089312818825
2218,0.3770838754236358
2219,0.22795080376991153
2220,0.4129137616892297
2221,0.3252541001325907
2222,0.14528440209482155
2223,-0.12096990701287103
2224,0.2692091848280401
2225,0.08714436187666327
2226,0.2528081668663335
2227,0.2990928100250382
2228,0.10411812794078534
2229,0.3039865282332718
2230,0.1408473607331096
2231,-0.02956207869618907
2232,0.015394588033173728
2233,-0.48430157074811275
2234,0.24116742498668403
2235,0.01728230810896711
2236,0.49030542668640187
2237,0.18308796813453385
2238,0.47030267415270466
2239,-0.24672382904150858
2240,0.3919216646528728
2241,0.1027062262779832
2242,0.6184972313898462
2243,-0.1298230423069117
2244,-0.11832852153588234
2245,-0.38329257037110565
2246,0.08813907624687384
2247,-0.09938837738563938
2248,0.27864406078671433
2249,0.18611701546467635
2250,-0.13431328956666033
2251,0.230732352960082
2252,-0.22285632388704274
2253,0.2652776800868045
2254,0.12046640125273203
2255,0.07078485803192974
2256,0.11389997420527387
2257,0.38188651561095416
2258,0.23011839997542205
2259,0.23473788200774093
2260,-0.004112657752631033
2261,0.1516298202837562
2262,0.27498180514260484
2263,0.40455314752251026
2264,0.22647710373783797
2265,0.4094517844812436
2266,0.2202868193907369
2267,0.22394734745767703
2268,0.06115910013861531
2269,0.04138654629850841
2270,-0.0442601269808629
2271,0.10778091860145644
2272,0.11365902133407242
2273,0.35937230357646166
2274,-0.05477104877989308
2275,0.0019382432782396042
2276,0.22162963362373309
2277,0.22220097167320588
2278,0.06974353426949115
2279,0.6225822544923365
2280,0.30375206680247235
2281,0.20034216133794108
2282,0.04302327564205514
2283,-0.05450159186391601
2284,0.14884613600909935
2285,0.24703389836573328
2286,-0.015415215368806634
2287,0.12169876397945412
2288,0.2872471227771166
2289,0.14063855061792704
2290,0.4298257640863162
2291,0.5501777929720533
2292,-0.10147362644193161
2293,0.20489549028954251
2294,0.11571343362156483
2295,0.2034085035796956
2296,0.1259808445106848
2297,0.46627798503559764
2298,0.030040313956609277
2299,0.03162239174960618
2300,0.21912023251918075
2301,0.23989848244357892
2302,0.1536355330710541
2303,0.6074876152333252
2304,0.23777962857549872
2305,-0.29322856224504884
2306,0.12849803801755083
2307,0.16372091854540657
2308,0.015489568323155067
2309,-0.02439793288821862
2310,0.6788324000116853
2311,-0.02016219056028523
2312,0.0295817989374208
2313,-0.09687313146803711
2314,0.42353458863177285
2315,-0.07622241617856046
2316,-0.063205231614409
2317,0.18665785097193213
2318,0.00998534246338914
2319,0.37218787527956687
2320,0.09700435864850199
2321,0.16881434634571527
2322,0.35097625937250754
2323,-0.32729996613421974
2324,-0.11134483654687524
2325,0.3806924443295129
2326,0.30477314986370385
2327,0.21294307473676793
2328,0.31162688238494757
2329,0.16347788559914844
2330,0.1454172762439299
2331,-0.022900075127825742
2332,0.22362879168416824
2333,0.05416869932927704
2334,0.007160927919495019
2335,-0.003880923795132718
2336,0.26846606160069497
2337,0.3352902260627667
2338,-0.06303170700161212
2339,-0.15874843095571828
2340,0.1688502888957151
2341,-0.3430304914676733
2342,-0.0123018957472589
2343,0.19868130638381437
2344,0.19230931370359602
2345,0.21804521043491823
2346,-0.022174842153557722
2347,0.03893670082995665
2348,0.2238941813787883
2349,-0.08114686457220996
2350,0.33149803316080345
2351,0.043855248642627284
2352,0.19402935781770414
2353,0.22204663557433055
2354,0.23763450320452945
2355,0.38065191698311296
2356,0.19953422283856043
2357,0.21269137857006848
2358,0.029393982829042264
2359,0.43186328291320875
2360,0.24953408895141746
2361,0.10818830250725514
2362,0.020355271290709298
2363,-0.056093692379118765
2364,0.24372692372907628
2365,0.38679365045072106
2366,-0.11602294966305354
2367,0.39286401230607243
2368,-0.1359519903100691
2369,0.015826120327914334
2370,-0.017314642816242065
2371,0.20811594382409587
2372,0.085304745459805
2373,0.03382992715065736
2374,-0.2999947657644012
2375,0.06941557053110817
2376,0.2958094391652058
2377,0.1268910728374229
2378,0.11803930150511456
2379,0.17249456891602255
2380,-0.0703429562403867
2381,0.19721952538502707
2382,0.35938514642459096
2383,0.11808265859154832
2384,0.14951846608461167
2385,0.22803229282300672
2386,0.4595517201836422
2387,-0.08387079591286961
2388,0.1956660748706951
2389,-0.25863077875176993
2390,-0.12229160872345346
2391,0.570538510261037
2392,-0.001972263885909542
2393,-0.028601141947544206
2394,0.19744526236600174
2395,0.19585405211773974
2396,-0.11358160658619948
2397,0.5673435812436609
2398,0.419643151519708
2399,-0.25500325807215357
2400,0.10048050505679336
2401,0.45381630956210617
2402,0.23711646474353182
2403,-0.591130841668557
2404,0.09294191412719319
2405,-0.28171601212513253
2406,0.22114235246038663
2407,-0.21327239018035324
2408,-0.03164043390012446
2409,0.5049374814580889
2410,0.2980625575489752
2411,0.6094382869022774
2412,0.15873383154223517
2413,-0.041517377736194294
2414,0.1877299652850937
2415,0.3928370197344196
2416,-0.055360109199729335
2417,0.35115350307214777
2418,-0.00032723982001785223
2419,0.0999550843987276
2420,-0.18857573361538554
2421,0.25717233726332844
2422,0.0927529419574835
2423,0.08176205108022291
2424,-0.039059128443589
2425,0.010130362067830606
2426,0.24329896808395193
2427,0.09292168439020083
2428,0.02244284497247409
2429,0.5670623031848613
2430,0.002977129470644324
2431,-0.012953772886520387
2432,0.1519023343169318
2433,0.08536513582172327
2434,0.3196082739087489
2435,-0.0014233484438769956
2436,0.10062989351267017
2437,-0.23495621957659168
2438,0.2104632802761858
2439,0.22819978769236982
2440,0.18208065955204655
2441,-0.2979317871003462
2442,0.044310545399207334
2443,0.005975982913523803
2444,0.38186868645642746
2445,0.27518623696557115
2446,0.15649748239008082
2447,-0.21609885455315725
2448,0.43083265470504717
2449,-0.120898625680748
2450,-0.17469139267586414
2451,-0.24681032478860954
2452,0.3432132023368422
2453,0.143489857763492
2454,0.24626411898067854
2455,0.3996308143173973
2456,-0.026847916664579058
2457,0.026334237417101905
2458,0.18245805478310767
2459,0.012392871152821366
2460,-0.14410473580007158
2461,-0.02573620040110354
2462,-0.17566835969847636
2463,-0.079659737689821
2464,0.2767017144443307
2465,-0.07251566672845182
2466,0.12553862025704088
2467,0.040719438721287166
2468,-0.24686482942023477
2469,-0.09553228507452266
2470,0.12440279923010111
2471,0.24118348673233084
2472,-0.0761496200079182
2473,-0.0016214104055983225
2474,0.15020283903440715
2475,0.2538600194911113
2476,-0.12588674187399587
2477,-0.17974746311668388
2478,0.22101347874570126
2479,0.14452833045720304
2480,0.16709194709640557
2481,0.061393406461868236
2482,0.32102740581073275
2483,0.3656420082469072
2484,0.01992761499019491
2485,0.3538636345221431
2486,-0.2998119002008207
2487,0.018921165072468937
2488,-0.04726118485141728
2489,0.22657167158302272
2490,0.1510473812676222
2491,-0.025747828685335858
2492,0.35064187529033264
2493,0.4790897158436975
2494,-0.19313514246525815
2495,-0.18619464701521998
2496,0.032986468867605256
2497,0.38651426544834744
2498,-0.26546163906372156
2499,0.4118943160676788
2500,0.39835659881738456
2501,0.48265216122374094
2502,0.16282283969108663
2503,0.10974601435304265
2504,0.016792706533349605
2505,-0.10063835249387565
2506,-0.3499671810341737
2507,0.06337288050744944
2508,-0.02133653703673169
2509,0.30863432886847497
2510,0.09962209855042593
2511,-0.22500066181937445
2512,0.4323451814630881
2513,0.13588425520405167
2514,0.02199458183324965
2515,0.023864211514622813
2516,0.29671552195545947
2517,0.5551657950532767
2518,0.17272537006101119
2519,0.1287699788056222
2520,0.020839888815282842
2521,0.17286986581484265
2522,-0.1348420424573426
2523,0.5216774999995164
2524,-0.0747995979016408
2525,0.048359755322286556
2526,-0.330851134866081
2527,0.16293288417701343
2528,0.05804712167082446
2529,0.10180874887352002
2530,0.41420920237377473
2531,0.1631899155694791
2532,0.09554137729787149
2533,0.047829717563344566
2534,-0.14087840755722586
2535,0.19301397419044525
2536,-0.2597709495567342
2537,0.1094379334987964
2538,-0.24613965714960295
2539,-0.07275125960841411
2540,0.2815583682816289
2541,0.5916074166636713
2542,-0.04408321729396024
2543,-0.23011024370476582
2544,-0.12323813595830208
2545,0.08549384868806542
2546,-0.5591893878272307
2547,0.25762137387727235
2548,-0.0567629221452044
2549,-0.08833411726923143
2550,-0.07521770763334112
2551,-0.0014233658684322803
2552,-0.12729599790489587
2553,0.2514457461260722
2554,0.16786621337387037
2555,0.4079289314578036
2556,0.005740153920578528
2557,0.19340617638279428
2558,-0.0035705891192073236
2559,0.2256661025221148
2560,0.02686289416574439
2561,-0.07655640052405271
2562,-0.23028070156337846
2563,0.12602087569966647
2564,0.304390658478099
2565,-0.10177788164381715
2566,-0.09698164257205144
2567,0.3092847431737818
2568,0.25337580430023615
2569,0.1698337788186283
2570,0.06088113742008508
2571,0.41476673839369926
2572,-0.059600735687948214
2573,0.05617151122414474
2574,0.2821979221341396
2575,0.2645203223835678
2576,0.1484336660133849
2577,0.2516392553818291
2578,0.11367193854096819
2579,0.05918388164234331
2580,0.022381632021499565
2581,-0.15909752189727483
2582,-0.11228725158076401
2583,-0.4366114158582475
2584,0.10071859018474137
2585,0.12128105453619314
2586,0.16641895198671147
2587,0.30128474742122985
2588,0.23084420202765188
2589,0.6529084422227285
2590,0.25081206221879304
2591,-0.14621427974578766
2592,-0.16894497799349395
2593,0.49941750941945473
2594,0.41563610032578213
2595,0.08097947314690683
2596,0.09281552898972587
2597,-0.01330790276436633
2598,0.026943094139592366
2599,0.3431755158418148
2600,0.11797803397943289
2601,0.32562306162918914
2602,0.0797430385345842
2603,0.29957251116759437
2604,0.5199757242836011
2605,0.20514799429248184
2606,0.4351977702221847
2607,0.07671678678808791
2608,0.0009903152483773103
2609,-0.254587800711713
2610,0.3083160284970318
2611,-0.017900600038787816
2612,0.07357773140137897
2613,0.5534741567130946
2614,-0.10708478697636303
2615,0.1583540800729602
2616,0.11981892981027076
2617,0.4192856505502023
2618,-0.04222645421706531
2619,0.2634691972267069
2620,0.08740426337790774
2621,-0.013100705417775527
2622,0.4861848769257794
2623,0.0844175425859818
2624,0.34619659455301566
2625,0.26764271364002595
2626,0.4423682046127588
2627,0.20134896487247014
2628,0.33744539853827366
2629,0.5735468781427226
2630,0.10703187316482124
2631,0.09870407488233035
2632,0.02608924555721759
2633,-0.037475574158622155
2634,0.24950825049649872
2635,0.21839337630847072
2636,0.026602429113633114
2637,0.18554844058871556
2638,0.06863196431387547
2639,0.1419253396539431
2640,0.25759263829866486
2641,-0.012518786024052764
2642,-0.16578408637709335
2643,0.44257986290076706
2644,0.058596909939002115
2645,-0.1828294240076901
2646,0.336751923395217
2647,0.13980125706484753
2648,0.16551198040430698
2649,0.06730925875398967
2650,0.4366397232236135
2651,0.2558243964007679
2652,0.24831213659725337
2653,-0.010733098082697928
2654,0.1420730984644097
2655,0.02676381785117203
2656,0.2690793925671363
2657,0.276396227531993
2658,0.17990087011317246
2659,0.03364266826983736
2660,0.27343655307066983
2661,0.12312063560829581
2662,0.08095038772155227
2663,0.031314446497527126
2664,0.22422478428259535
2665,0.04095151098827371
2666,0.025700889380830955
2667,0.11932823387979291
2668,0.2796366608278026
2669,0.28947245269238064
2670,0.007459223460435864
2671,0.04794925424288899
2672,0.38672948908265425
2673,0.3034547942133779
2674,0.1949429835749121
2675,0.36007092150904085
2676,0.28141941703501283
2677,-0.030285188978717736
2678,0.24371802585415747
2679,0.17109452923594065
2680,0.06900604638906414
2681,0.10280516239157358
2682,0.2009989159342277
2683,-0.1226802066189247
2684,0.33265467931468307
2685,0.39819202432019235
2686,0.4080480979929495
2687,0.06843884768121217
2688,0.01609202250074021
2689,0.07886007733683087
2690,0.41489841418071394
2691,0.04893864280515436
2692,0.431038150631779
2693,-0.06957355207477599
2694,0.17936862627743483
2695,0.1409363470197328
2696,-0.06178500530415565
2697,0.22551278106797487
2698,-0.31127977400496365
2699,0.18079795737321797
2700,-0.15420222721754115
2701,0.15142230389122036
2702,0.11896492477615091
2703,0.21127800301405913
2704,0.44685133572281943
2705,0.3665105600984879
2706,-0.21566505520215795
2707,-0.05982244410702567
2708,0.06767454031367942
2709,0.33398843866294264
2710,0.4413073619116159
2711,0.17068455417164222
2712,0.19477968891324138
2713,0.12529619813631027
2714,-0.43620256178515454
2715,0.517097094568366
2716,0.006279177560387372
2717,0.10261052808287859
2718,-0.07234994036680042
2719,-0.0061403174217696255
2720,0.0917815227576318
2721,0.3406787114768718
2722,0.17845937043534787
2723,0.041184577905853115
2724,0.34668659328857526
2725,0.1582419415714446
2726,0.18381697812681358
2727,-0.1241155676914733
2728,-0.12858528814371822
2729,0.5082432889774955
2730,-0.006145264873635148
2731,0.11081270587775838
2732,0.04488846194814161
2733,0.055798689819594724
2734,0.46151992277063436
2735,-0.003560531917230464
2736,0.02344373769508612
2737,0.20300347451998696
2738,0.272193774664829
2739,0.12304466621497667
2740,0.20400167350364998
2741,0.17579428382014473
2742,0.20177825305984196
2743,-0.22092229948734954
2744,0.0717225408767177
2745,0.40618326229548657
2746,-0.2987112985429363
2747,-0.6736900596982316
2748,0.18435052612535863
2749,-0.023769841771658043
2750,-0.14806552697489916
2751,0.21378078677617188
2752,0.4574577779060134
2753,0.4509607714404479
2754,0.33351403279350145
2755,0.056139356823710615
2756,0.5662094904530225
2757,0.25751124813796433
2758,0.03029686307514473
2759,0.22767507089630387
2760,0.21523288636998858
2761,0.4372179093264753
2762,0.12765498103713319
2763,0.47376983913703596
2764,0.2478172865291137
2765,0.41189969712546565
2766,0.09600920647892303
2767,0.038704047440382666
2768,0.281671289492894
2769,0.07325418884404475
2770,0.13062023139433715
2771,0.4806268372545931
2772,0.3560333123960902
2773,0.15170755567763253
2774,0.04633985116196003
2775,0.04686228654112315
2776,0.023139198044056897
2777,-0.006801346901504961
2778,0.36425836941488055
2779,0.5931289953894388
2780,0.15504653457126072
2781,-0.06863044477095018
2782,-0.11087499031545928
2783,0.6229413942590208
2784,-0.03297119193173059
2785,0.22244913677664718
2786,0.4172947837718478
2787,0.41851404268045955
2788,0.28817712129385276
2789,0.29157030062854905
2790,0.2795712277875343
2791,-0.03502745211674224
2792,0.21070833386366114
2793,0.04426956952417216
2794,0.3895969417633034
2795,0.20656832000682676
2796,0.02807391788721081
2797,0.36834766323020485
2798,-0.15466730441389753
2799,0.3057451142846438
2800,0.3247272183010915
2801,0.14175460918287586
2802,-0.1382056608504868
2803,0.1963248292973903
2804,0.05291964928520888
2805,0.19219342187534683
2806,-0.32689854350223785
2807,-0.15892941482484982
2808,-0.12649414014218663
2809,0.2765438953996304
2810,0.208954124946113
2811,-0.04257988950247871
2812,0.3851831994544585
2813,-0.38421478044978313
2814,0.33936680065777614
2815,0.31412595772580343
2816,0.48176188769263306
2817,0.28564106335055894
2818,0.42207289022131994
2819,-0.10451196399262688
2820,0.4297203255608542
2821,0.315751251482424
2822,0.35003669055610886
2823,0.08274894917791825
2824,0.5414359659147447
2825,-0.03296106944188257
2826,-0.07429201583359679
2827,0.48076671288231787
2828,0.12041678719172527
2829,0.0048684175564003285
2830,0.3315808660408975
2831,0.05490546853279235
2832,-0.008985023201888154
2833,0.16199638009928574
2834,-0.05242241027127281
2835,0.24714136292943772
2836,-0.16579209730714894
2837,0.3030451774932983
2838,0.31549966950409636
2839,0.1335501139829281
2840,0.09940975483559289
2841,0.43944544211500813
2842,0.08818748264251206
2843,0.17547486508798327
2844,0.18053166357694345
2845,0.022954108841974796
2846,-0.05760369358583006
2847,0.06922932867309511
2848,-0.10204138644756638
2849,0.26690112029705626
2850,-0.018408534977301876
2851,0.011690111196197006
2852,0.13888336862618283
2853,0.0251431689594441
2854,0.5296365179716545
2855,0.2948977984172971
2856,0.0013968812225522154
2857,0.13018403264603057
2858,0.26809444580805425
2859,0.17852993376462445
2860,-0.16231465280812893
2861,0.12980925614501276
2862,0.1060155475009576
2863,0.06710112286307304
2864,0.32993002285305384
2865,0.15918036245612555
2866,0.5239590472150288
2867,0.17509450125928255
2868,0.32525600602871574
2869,-0.08619407626772038
2870,0.1964957229271609
2871,0.1749242347055212
2872,0.40141268057135027
2873,-0.09095229963093626
2874,-0.042913292622071886
2875,-0.29604776217313944
2876,0.038071529678235176
2877,0.415079730133193
2878,0.004765782275005931
2879,0.034968053261361993
2880,0.618648387786948
2881,0.02164935982592138
2882,0.5908536841621435
2883,0.33353960096299323
2884,0.31099228348800506
2885,0.10849562394023159
2886,0.39656128539324453
2887,0.18771034539115444
2888,0.38918314785665276
2889,-0.21326794824970075
2890,0.0680653697548296
2891,0.02689295658577817
2892,0.3854083097822123
2893,0.33607846997283447
2894,-0.10345586526371145
2895,0.1296750816319847
2896,0.4380302086326344
2897,0.45073436346962037
2898,0.08714052557177937
2899,-0.033993815970453846
2900,0.29444115912951235
2901,-0.031035756059715536
2902,-0.017208969736103974
2903,-0.008315403254282483
2904,0.28015706249254246
2905,-0.07641087493893539
2906,0.029112169151349176
2907,-0.47523867403366354
2908,0.029868241319879058
2909,0.38241862192783554
2910,0.20197777650898607
2911,0.20883991789061082
2912,0.4002247846836959
2913,0.13684002701585948
2914,0.14984774944072493
2915,-0.16434313974324397
2916,0.06906018510311464
2917,0.3594446810427877
2918,-0.04758646425514912
2919,0.4448000970355495
2920,0.2733147107948298
2921,0.20317604529208483
2922,-0.09038114080386761
2923,0.08304967002007865
2924,0.2976947690252042
2925,0.6564828696527577
2926,0.20928584536472106
2927,0.036206942240019135
2928,0.19724341244856747
2929,0.3178135732822074
2930,0.34298761712179204
2931,-0.014740034597656992
2932,0.3502381480560736
2933,0.07346715506833096
2934,0.19715665557658724
2935,0.14449180601220724
2936,0.17453713905958498
2937,0.29294476162068606
2938,0.29133489957822306
2939,0.09668462086305407
2940,0.3051875057930164
2941,0.11143370797292543
2942,0.17613123891642601
2943,0.46362486995880453
2944,0.40166572799285033
2945,-0.02734483697028542
2946,0.029601903724140233
2947,-0.05114871431022137
2948,0.6280138403500083
2949,-0.04841858991909313
2950,0.3082196139287454
2951,0.40085454392873926
2952,0.018093148857839914
2953,-0.3790993750775294
2954,0.41205714061221144
2955,0.021450793884246394
2956,-0.23412025439514056
2957,-0.30223519292705947
2958,0.14285354463486338
2959,0.12217588803058019
2960,0.28821405553878776
2961,0.02734762750110664
2962,-0.12382586437119489
2963,0.02872805028686326
2964,0.3804776692502669
2965,0.2299787194358616
2966,-0.06362182241249245
2967,-0.1845450841968762
2968,0.04514409360099106
2969,0.2796300170698346
2970,-0.05234228091313531
2971,0.08933561867613571
2972,0.07674860998480931
2973,0.04102486227229481
2974,0.22633824934463131
2975,-0.1752908687461088
2976,0.02331554774579736
2977,0.1841224340268278
2978,0.07894797942761167
2979,0.2751368829027858
2980,0.0015332589499565952
2981,0.42184047046310813
2982,-0.08736897338341276
2983,0.0721023015244518
2984,-0.1378796095848176
2985,0.25476220333294575
2986,0.06661232985419736
2987,0.09625626415103533
2988,0.5293830444306037
2989,0.25934284898589866
2990,0.3884192406732002
2991,0.37938263746622536
2992,0.22002904454629973
2993,0.01214166976754158
2994,0.07040147545863168
2995,-0.020292915245865496
2996,0.014610380155334723
2997,-0.11187422931800928
2998,0.28538869970854475
2999,0.3476295678324124
3000,0.15090527147427904
3001,0.05095794425090233
3002,0.0362455920648892
3003,0.20044400450859007
3004,0.747888233688347
3005,0.14397616601578977
3006,0.13850108438125114
3007,0.17104768604977366
3008,0.10654679042975078
3009,0.23097440864900026
3010,0.22074130084587823
3011,-0.16214438649663487
3012,-0.013151244251704386
3013,-0.12081419472992593
3014,0.5537927557777071
3015,-0.08464708414812652
3016,-0.05784645092782356
3017,0.14710112630432404
3018,0.2684898992469418
3019,0.010280618418432502
3020,0.017048763353268603
3021,0.19432249153378434
3022,0.5727126636826056
3023,-0.18953105943222653
3024,0.145529120224871
3025,0.4593108677227367
3026,-0.0604982372428504
3027,0.02924624535358944
3028,0.10881478666645648
3029,0.20660633290193736
3030,0.4665774083127595
3031,0.43264937510835877
3032,0.014419933517408834
3033,0.1950348435878582
3034,0.10347130776958184
3035,0.15259141510553229
3036,0.21835904760867586
3037,0.3023555444359189
3038,0.08153334267332236
3039,-0.17650058711574879
3040,0.0508013974523365
3041,0.3037651005773436
3042,0.14257417172621875
3043,0.3080662675980538
3044,0.016002864595712984
3045,0.11697229260685255
3046,-0.024829110362544454
3047,0.2746805472488143
3048,-0.01747085053151287
3049,0.002499446773466557
3050,0.039007151360214265
3051,0.13378750844490034
3052,0.06854041162604518
3053,0.04994174174441035
3054,0.21197000470126115
3055,0.017436846904741843
3056,0.19392089002284654
3057,0.205341238855401
3058,0.1466521052628953
3059,0.18528989866205609
3060,0.19565877258942213
3061,-0.07041796599474967
3062,-0.03665196784491041
3063,-0.19554843935150135
3064,0.09739555909015128
3065,0.42255489094295606
3066,0.21929439758721475
3067,0.22334517729061523
3068,-0.09195190556081193
3069,0.015789548487649102
3070,0.13923394036668546
3071,0.2659464085386985
3072,0.1972672607189069
3073,-0.012923437569496113
3074,-0.26800902334171217
3075,0.13084370388961383
3076,0.14725866414248662
3077,-0.1902775175052146
3078,0.1294743291311901
3079,-0.15348451601194135
3080,0.05459237884272672
3081,0.3171040508435464
3082,-0.039324704997686644
3083,0.13838393877496785
3084,-0.3056112058040663
3085,-0.001662506076618414
3086,0.4326514401949735
3087,0.22992413222881425
3088,-0.08699357476015133
3089,0.5258474245148813
3090,0.22163644278594252
3091,0.19256556066948244
3092,-0.06255439818080932
3093,-0.003266059663317583
3094,0.4640652812749224
3095,-0.06888060653399157
3096,0.22772929128838462
3097,0.31371837293456617
3098,0.09811117458752072
3099,0.21469228540696125
3100,0.24755395570105465
3101,0.34078298795110706
3102,0.5331365405951077
3103,0.1504945407565118
3104,-0.2076312277096684
3105,0.289343011610256
3106,0.34524871906304405
3107,0.17687572624430342
3108,0.0868899349715218
3109,0.11405501913918456
3110,0.25342840197130045
3111,0.05590104091389214
3112,0.06581569793321274
3113,0.4610764375199946
3114,0.2176055969928209
3115,0.5621750663483326
3116,-0.23932493698805507
3117,0.2623230733541744
3118,0.5074464299262414
3119,0.15049493919056586
3120,0.2078172318233047
3121,0.3268993328841887
3122,0.0504104183225951
3123,-0.23382685532612407
3124,0.2965565285806104
3125,0.39145361928502653
3126,0.36333374060176665
3127,0.03167743410652502
3128,0.4606254915860535
3129,-0.00468508440485943
3130,0.05090633455065502
3131,-0.14312005394782895
3132,0.37870861899340386
3133,-0.014570150121033687
3134,0.3782358956811463
3135,0.11079995174025575
3136,0.4959524521286359
3137,0.03386130087855557
3138,0.057382545560973386
3139,0.261986025220514
3140,0.35503984235398345
3141,0.198789086838767
3142,-0.07068928054145263
3143,0.256548086441993
3144,0.03431263814554571
3145,0.45946929500172556
3146,0.2160219706313774
3147,0.3913305406259677
3148,0.2306913078205629
3149,0.5620341682789077
3150,0.3672335363252948
3151,0.30465664365966544
3152,0.3328725355065851
3153,0.2345033139647275
3154,0.006485373494548932
3155,0.09727451577316555
3156,0.22240012989990607
3157,-0.25240867066304384
3158,-0.08655931967561536
3159,0.24278169112729114
3160,0.16508090085409347
3161,0.24938034039103554
3162,0.0714194155937832
3163,0.008008982539174037
3164,-0.0021441765621505737
3165,-0.054947840142758275
3166,0.3489825190778649
3167,0.015405094466783065
3168,0.02569199425321353
3169,-0.19843193250224223
3170,-0.09850432572030035
3171,0.15912592079610857
3172,0.20921423886087617
3173,-0.5626213293695049
3174,-0.1460284144176309
3175,-0.009301199301018415
3176,0.19634129399786432
3177,-0.11970160216250872
3178,-0.22086650013890197
3179,0.16236685290435493
3180,-0.016627689137804325
3181,-0.14429825955623132
3182,0.27433072329545627
3183,0.49063696672548585
3184,-0.30354249680654677
3185,0.029367261631510766
3186,0.31674900914500675
3187,0.24325841381609037
3188,0.10664176260329364
3189,-0.031634992041415955
3190,0.03730284319796451
3191,0.17767359681235162
3192,0.014757942888048353
3193,0.01414022011028443
3194,0.09340063579114642
3195,0.4247098629873671
3196,-0.11210137452597635
3197,0.20095779324333213
3198,-0.37956492131759606
3199,-0.2950398669851889
3200,0.2727931439619983
3201,0.3271423569486936
3202,-0.27398373421269295
3203,0.2677441897617177
3204,0.17889772160448023
3205,0.08945640485604389
3206,0.0180137985186809
3207,-0.08505488556768678
3208,0.023022972130015695
3209,0.21750391733741142
3210,0.4485648255094855
3211,0.34362021103887436
3212,0.14126711312552856
3213,0.12302442740083533
3214,0.09906174256879821
3215,0.0028794248406553424
3216,-0.16963671137671438
3217,0.23764704807670706
3218,-0.25017637953213717
3219,0.2800531448092306
3220,-0.25842205846823474
3221,0.28097900633638717
3222,0.25170972278113923
3223,0.21639548135407238
3224,0.19856500658171725
3225,0.33253969035881525
3226,-0.05228832658523619
3227,0.16286908228719293
3228,-0.06599905934012823
3229,0.13474742849996452
3230,0.5282584789729228
3231,0.20707791434432515
3232,0.2144571331598705
3233,0.37948342458543133
3234,0.17044379143021574
3235,0.3770101953484455
3236,0.22750055940881464
3237,-0.06479912353976103
3238,0.14569668007762226
3239,-0.08849201379065835
3240,0.1659497605665991
3241,-0.09586939805753913
3242,0.1213665973548034
3243,-0.047105898754896486
3244,-0.11976807753566848
3245,0.3384871821551722
3246,0.24207101088388583
3247,-0.03180367980597738
3248,0.16550382352635
3249,-0.09179279609443841
3250,0.4055456450520093
3251,-0.032782331503841716
3252,0.09165912470091023
3253,0.2220361259744542
3254,-0.033408796697715015
3255,-0.1522879809614543
3256,0.13397545551879114
3257,0.3564447058363285
3258,0.23780522747999877
3259,0.17118823057173618
3260,0.263027787863819
3261,-0.25741375098400526
3262,0.12059619327691079
3263,0.3850217552326838
3264,0.5142493792937094
3265,-0.4087149216184289
3266,0.20883431833597382
3267,0.12945256291508672
3268,0.3471559749801645
3269,0.23771501704719356
3270,-0.18868731637959624
3271,0.03421694794281166
3272,-0.03115613957411445
3273,-0.008811719925169867
3274,0.23128495592295473
3275,0.27976533524512703
3276,-0.028192810318444506
3277,-0.06118040077566134
3278,0.23936302258430417
3279,0.4457657768623646
3280,0.06261934318509232
3281,-0.049889936172618776
3282,0.32429866831923126
3283,0.35208764302588264
3284,0.08938574150488704
3285,0.4599761014105395
3286,0.062338952035699946
3287,0.1084608834216898
3288,-0.0009456153082111063
3289,-0.10479036305577069
3290,0.3980397321442331
3291,0.35621334395944043
3292,-0.1247098263877803
3293,0.4143534058272306
3294,0.16972048945058665
3295,0.42188244276203146
3296,0.5977455817792687
3297,0.5590212127179979
3298,0.10280520782819158
3299,-0.08464878182656327
3300,0.19419790239407245
3301,0.31490312020502476
3302,0.31680142632163044
3303,0.05730004916758899
3304,-0.17373886697831237
3305,0.2748494102847127
3306,0.036430922322298664
3307,0.1821566029378372
3308,-0.05822609583459917
3309,-0.07718168315516527
3310,0.0976801019205718
3311,0.15485237204552846
3312,0.24635342395492305
3313,-0.23095504544317103
3314,0.3532578835683564
3315,0.14128168983788333
3316,-0.20045634252404262
3317,-0.24244943262226412
3318,0.24302907559790857
3319,0.17971190640824028
3320,-0.20414617341482433
3321,0.12731411383514046
3322,-0.0517369951264513
3323,0.2285161223495855
3324,0.0928708662182817
3325,0.17153876234079102
3326,0.3316575477571104
3327,0.4276340895585913
3328,0.1772536454008459
3329,-0.25729869663318056
3330,-0.019187216061308243
3331,0.08181944621337961
3332,0.41893962333848245
3333,-0.0766978932142418
3334,0.5046566436631418
3335,0.02728075677189684
3336,-0.012238269514635747
3337,0.25125306850883317
3338,-0.01733972724843902
3339,0.29496591767552405
3340,0.2884863943039106
3341,0.10016624739273639
3342,0.2024093498063792
3343,-0.2334108472059227
3344,0.26003718613129656
3345,0.2933865700783884
3346,0.1296888095102724
3347,0.156557763459226
3348,-0.32995665263281915
3349,0.1744842786259715
3350,0.4586763258823974
3351,0.062310967926611144
3352,0.450332209660002
3353,0.16501538448434183
3354,0.06550106333089423
3355,0.23171821920221272
3356,0.3102025725660753
3357,-0.15343120952796718
3358,0.4438736987543423
3359,0.0067853827060664895
3360,0.06545109610367236
3361,0.19050522360911046
3362,0.1348811004649343
3363,0.12413681692231796
3364,0.27306097037743476
3365,0.0845417700747606
3366,-0.3183477380006991
3367,-0.31354160895565397
3368,0.13718062941842382
3369,0.1471454823395784
3370,0.11968729962388036
3371,0.41099185751799405
3372,0.09607395862280402
3373,0.26168484323819097
3374,0.13083255481197176
3375,0.33084640810870275
3376,0.28527060629764656
3377,-0.4742858828014095
3378,0.22178583542358468
3379,0.25222740831567125
3380,0.026448487944717214
3381,0.23592468778312092
3382,-0.215934976366412
3383,0.12184016383039378
3384,0.0824711729376772
3385,0.23337531577763682
3386,0.12347979801658558
3387,0.3330075003569431
3388,-0.37265032406989634
3389,0.032750019401760644
3390,0.25601193522953103
3391,0.2395666332624506
3392,0.41671299815822466
3393,0.2054040501971553
3394,0.36052721275065036
3395,0.030941717121873213
3396,-0.20701931411121602
3397,0.7068161350429113
3398,0.3346070349580932
3399,0.41394698933688556
3400,0.06608178255640906
3401,0.10262501966444454
3402,0.18286885629538757
3403,0.08195906729032537
3404,0.2706291686580538
3405,-0.046085074392744015
3406,0.0758157741820669
3407,0.2839033816444174
3408,-0.022303194805017884
3409,0.28622895206795407
3410,-0.15295935278226874
3411,0.06103340944637348
3412,-0.10881538941898211
3413,0.006059242902897194
3414,0.3141756715771372
3415,0.183478710676479
3416,0.10152097852203723
3417,0.10766003140342914
3418,0.1416309810641995
3419,-0.6975864271926696
3420,0.4281411427412348
3421,0.3139342156487239
3422,0.22020273902479456
3423,0.014288048623673943
3424,0.4239935282728621
3425,0.4171986649415176
3426,0.5306909803099664
3427,0.2719753559315039
3428,-0.012148008450270864
3429,-0.2846223815420983
3430,0.1816957575765517
3431,0.07071579876840406
3432,0.27549772343980405
3433,0.40548855606025175
3434,0.30932031378473135
3435,0.1068487537839135
3436,0.33026629863104584
3437,0.34871444987095745
3438,0.1912659397705553
3439,-0.11357866337991276
3440,-0.003157361514028574
3441,0.5232228762403544
3442,0.2704161299974453
3443,0.21297238843273741
3444,0.2553616519451358
3445,0.27084044527521633
3446,0.04440234296710847
3447,-0.05203754721650522
3448,0.313356711803247
3449,0.12385823929317652
3450,0.5300913958518123
3451,-0.13645892013889624
3452,0.2990505250481817
3453,0.3270640811932364
3454,-0.023870112338696348
3455,-0.06421193065672309
3456,0.38047815107105853
3457,-0.25181550437577666
3458,0.30282968996505993
3459,-0.35109267378744735
3460,0.21783395960512036
3461,-0.10314472857135853
3462,0.3211322191591953
3463,0.44779894407650195
3464,0.33453758235401687
3465,0.28239072949662
3466,0.06090375657470498
3467,0.02583757989764291
3468,-0.0773751166329778
3469,0.3040116719729307
3470,0.18887653756630288
3471,0.36872681883641933
3472,-0.05486964609444045
3473,0.5475612281331542
3474,0.1687415087667497
3475,-0.11110656173181063
3476,-0.035619661007702974
3477,0.11370708718670375
3478,0.009568983183817471
3479,0.14499586155944805
3480,0.18590627112245406
3481,0.1131324311825182
3482,-0.17815557912992946
3483,-0.21761673665599743
3484,-0.02662418050334084
3485,-0.012992169314830493
3486,-0.0827235343687236
3487,0.23845732707798228
3488,0.27044058993215353
3489,0.04155133282548851
3490,0.10438501937396694
3491,-0.13835996596233313
3492,0.26556677292161834
3493,-0.0177852090016917
3494,0.06420457794184381
3495,-0.006039655979105288
3496,0.1423869730244586
3497,0.3605553601249273
3498,-0.29173806066946045
3499,0.008410215926769493
3500,0.11485568462765404
3501,-0.01622763716798793
3502,0.4354662791649698
3503,0.15429924444751997
3504,0.335765691350867
3505,0.35158255131643656
3506,0.3043956058423256
3507,-0.02645797717618599
3508,0.2853382530983203
3509,-0.2794203532278097
3510,0.6492168791753413
3511,-0.12532404944525005
3512,0.5888531601388278
3513,-0.055709545479204786
3514,0.26124368863316916
3515,0.413295546626245
3516,0.4017756585350519
3517,0.09727103653289434
3518,0.27126756323671164
3519,0.0919027871167115
3520,-0.3360373998806858
3521,0.008926016374299637
3522,-0.2701865314325172
3523,0.23847909673610035
3524,-0.47900584698584375
3525,0.38965624831941775
3526,0.19354843618242784
3527,-0.2034882668956769
3528,0.1586605865940242
3529,0.006731572343510184
3530,0.27431899556018113
3531,-0.08514996195315017
3532,0.29117308187203683
3533,0.26838797327085834
3534,0.11193212254954904
3535,0.39636492403851753
3536,0.1300003428553163
3537,0.34031999866331947
3538,0.12156470809155456
3539,0.08207030125051706
3540,0.012135743985435418
3541,0.23158516379075444
3542,0.2409281637938499
3543,-0.0020391091380653342
3544,-0.15426318644191583
3545,0.18905086422961356
3546,-0.19984406411249186
3547,0.435815812863519
3548,0.5590023665332322
3549,0.6814108423314833
3550,-0.0019145046640393522
3551,-0.02272392245072609
3552,0.22193080798004391
3553,0.025499390139460065
3554,-0.26610482671041724
3555,0.34346320107327055
3556,0.211360297699564
3557,0.14583340892393878
3558,-0.1113214119630401
3559,0.22851742595211763
3560,0.0008714054793451664
3561,0.1154017899317657
3562,0.03461445443177008
3563,0.4897133232261683
3564,-0.13482677110330282
3565,0.2217731379950458
3566,0.006344307659639947
3567,-0.2646352192780395
3568,-0.053660194358502555
3569,0.18751621632608456
3570,0.2451061716855976
3571,0.34823543694672954
3572,-0.2571680786213741
3573,0.060088941795112316
3574,-0.08866712548569661
3575,-0.05855263186325668
3576,-0.07557895167584983
3577,0.294072000201958
3578,0.23996454798438738
3579,0.025150868021660805
3580,0.13984091754098277
3581,0.33609566184216516
3582,0.040116651636965095
3583,0.5266555169851078
3584,0.19384009150390338
3585,0.12555710788629434
3586,0.11948800183854158
3587,-0.09980487804706498
3588,-0.09301765798041883
3589,0.21096995465805338
3590,0.03830677135395971
3591,-0.1500488326590789
3592,0.020127710173127034
3593,0.1288680444926062
3594,0.300958457518149
3595,-0.008860110671186389
3596,-0.06512856743916445
3597,-0.2439689986042638
3598,0.3428339098573773
3599,0.2885706123664843
3600,0.29015883706000767
3601,0.21990657631962757
3602,0.3445963913459926
3603,-0.27347936860088573
3604,0.1498935114094534
3605,0.07926064924142028
3606,-0.007724647239516214
3607,0.2368122056557634
3608,0.2685815841727347
3609,0.24214887751126363
3610,-0.3043197571387555
3611,-0.06687202481214798
3612,0.03604640197710224
3613,0.10616309360326737
3614,0.013234520123889697
3615,0.2542419804274729
3616,-0.209903504421867
3617,0.45605097975569475
3618,0.49823554951150284
3619,-0.6410115609851939
3620,0.32452669731566525
3621,0.4209708002072081
3622,0.0643725945983843
3623,0.3518440574389833
3624,0.29220851330266745
3625,-0.16263798981970218
3626,0.3683009500123553
3627,0.12791964090682678
3628,0.30269050429681377
3629,0.02274476448954521
3630,0.30662171814041306
3631,0.07415825575118781
3632,0.18935056337446957
3633,-0.17364577648654295
3634,0.26875794336366343
3635,-0.04571636887132298
3636,0.07836462221674725
3637,0.3445697145722903
3638,-0.015953177883887365
3639,0.28909073824024456
3640,-0.0508096028355115
3641,0.15628420208284044
3642,0.06450854035008113
3643,0.3725753573539328
3644,-0.3697440672879254
3645,0.20358199325789839
3646,0.17478746869861755
3647,0.6906771193175028
3648,0.17506740848212166
3649,0.21674737736491184
3650,0.2204620536998003
3651,0.23956810230715114
3652,0.10602155417908365
3653,0.13184300530218623
3654,0.005679709282389464
3655,-0.13133498295370136
3656,0.3052536440167199
3657,-0.044500128975167114
3658,0.1725968845577115
3659,0.3135626468691113
3660,0.045436073830964194
3661,0.3954859001954778
3662,-0.5400089171912266
3663,0.45253830325458877
3664,0.010551911111005743
3665,0.2779100968917396
3666,-0.4527374515080489
3667,0.16162697055529396
3668,0.16947081505648764
3669,0.3123184692776297
3670,-0.2745389186983636
3671,0.3196499725579074
3672,0.020192189844129016
3673,-0.10535813555562407
3674,-0.1700048935635318
3675,0.094016582981469
3676,0.12433787152629303
3677,0.21732284199762342
3678,-0.07018666046614447
3679,0.12700945645498513
3680,0.4567267206061929
3681,0.09407097773946099
3682,0.23229602730282833
3683,0.17797483651692872
3684,0.33257924312837434
3685,-0.05551316106086312
3686,-0.23034895938807823
3687,-0.12482177307402886
3688,0.2993957933103744
3689,0.1609828860934303
3690,0.5634821224526849
3691,-0.04943726820260402
3692,-0.21512154300958214
3693,0.38879178220228333
3694,-0.46643499010005407
3695,0.13564967027437919
3696,0.23085269439536818
3697,0.1485996529238493
3698,0.21718481836875142
3699,0.01056189711438818
3700,0.16271345002175971
3701,0.009761815948968855
3702,0.11395852203513974
3703,0.462407002340795
3704,0.27634042499233774
3705,0.07407889301689798
3706,0.05530265570872561
3707,0.023795976448785745
3708,0.03845248098880932
3709,0.22580009207826682
3710,-0.02783229325769998
3711,0.27452549799029624
3712,0.13035323442735774
3713,-0.06766264981340603
3714,-0.0680497804413006
3715,-0.27812419089456164
3716,0.12441150953500474
3717,0.013587955768169874
3718,0.2247919924864006
3719,0.23142145124418562
3720,0.14422802718531513
3721,-0.03613614480317984
3722,0.060271529787860316
3723,-0.03005115418063975
3724,0.24358324468426443
3725,0.13581760497418663
3726,0.11804751417646964
3727,0.08288953234226748
3728,0.21883286848280223
3729,-0.26410458999744973
3730,0.43444663891067176
3731,-0.177816818464671
3732,0.15817913430427233
3733,0.5910607942514553
3734,0.03244797198541641
3735,0.10871478685790009
3736,0.43541312611326005
3737,0.39869659275937386
3738,0.0011745588245369448
3739,0.30893195178597843
3740,-0.09426631452576673
3741,-0.23577148739284084
3742,-0.07791559445130844
3743,0.1837400494898741
3744,0.1573933362697877
3745,0.14502307296801756
3746,0.007193017100828331
3747,0.05267518955175651
3748,0.3896506085264502
3749,0.300387213626769
3750,-0.26746610120692044
3751,-0.0974454915075823
3752,-0.1337448016616012
3753,-0.06910468020323977
3754,0.30060636935628826
3755,0.6150125959273331
3756,-0.19944046189009704
3757,0.037791978512332264
3758,0.5258374691418466
3759,-0.20030962272447875
3760,0.19005069537601982
3761,0.26291630476783706
3762,0.047637352868654226
3763,-0.33008513659870387
3764,-0.08964707214791966
3765,-0.04738723564130652
3766,0.20806334244501978
3767,0.035161021989046304
3768,0.3374928877052083
3769,0.01681752390482344
3770,0.05706714872498736
3771,0.0795538142236288
3772,-0.406348086612988
3773,0.17426634882957662
3774,0.23109249945116128
3775,0.2563896249878713
3776,0.09648664868741295
3777,-0.08139480300275481
3778,0.3255017656187828
3779,-0.0051328668475137396
3780,0.13427614577414324
3781,0.07465065871542387
3782,-0.09348779157524185
3783,0.6053857825293982
3784,0.05001293771085691
3785,0.34455336822007343
3786,0.026419075701553163
3787,-0.05799348381724991
3788,-0.4331990642540014
3789,0.15361747586227198
3790,0.029781558432677144
3791,0.09053492709750535
3792,-0.008183944980762081
3793,0.13741549981916248
3794,0.04238744308775677
3795,0.28912747679586637
3796,0.06781506839289832
3797,0.28241724801630236
3798,-0.054746077961212336
3799,0.18490424774817482
3800,0.162289768155838
3801,0.17744017475544938
3802,-0.04783354919661115
3803,0.01049437125876096
3804,-0.09612801990038866
3805,0.27891054059896375
3806,-0.18568984008978157
3807,0.2625947061677842
3808,0.1584996900893416
3809,0.26061252435029847
3810,0.12426504567838967
3811,-0.04305593159195298
3812,-0.13417332390012204
3813,0.26304330564780015
3814,0.1578815049607081
3815,0.20223580547690878
3816,0.3948229872509593
3817,-0.034800827959910796
3818,-0.023862903068565644
3819,0.22371361682321447
3820,0.2808997199144122
3821,0.27616117064819157
3822,0.1581795812842739
3823,0.33430282113556764
3824,0.36410422295835
3825,-0.2706835892176433
3826,0.07539288866171362
3827,-0.337079011430663
3828,-0.11943872568793612
3829,-0.32648068699706345
3830,0.013327881971976568
3831,-0.027105979525215457
3832,0.13672689212050346
3833,0.1961670393619361
3834,0.3036924791920012
3835,0.14259520657382338
3836,0.1828471261495609
3837,0.38320745786533605
3838,0.3506782438173792
3839,-0.2623367339345481
3840,-0.0037327861290010755
3841,0.2176456466439609
3842,0.4276950116687389
3843,-0.20515876083825157
3844,0.07651277231064743
3845,0.052553243396208316
3846,0.16706623032566537
3847,0.11780640156461791
3848,0.2786223460524585
3849,-0.00580497260990584
3850,0.4079120696609178
3851,0.3279922851657161
3852,0.10337524184678801
3853,0.43919149480142516
3854,0.3408693924799162
3855,-0.07064431225678924
3856,0.06317016356485848
3857,0.09458861909784254
3858,-0.03546174508451733
3859,0.18269925174333487
3860,0.18254832225138057
3861,0.21881753012698596
3862,0.5566400533618867
3863,0.17927115002014635
3864,0.4536440118968883
3865,0.4457226494656701
3866,-0.003361339485169784
3867,0.025474119021349356
3868,0.1552040632226473
3869,-0.04909513388518491
3870,0.07636657067965982
3871,-0.020079166528435027
3872,0.48048146510437106
3873,-0.2162296538019706
3874,0.10459630509074291
3875,0.29965659564325936
3876,0.2195005689343054
3877,0.004040538539862748
3878,0.2950723103462555
3879,0.12787418038633297
3880,0.23043912140252576
3881,0.329883339661167
3882,0.12620765349103946
3883,-0.18464284284628427
3884,0.3473966265984202
3885,-0.20108922071781518
3886,-0.035905090288268604
3887,0.14566019234446556
3888,0.542570323258935
3889,0.09194395689289697
3890,0.388375020641552
3891,0.13524397732780202
3892,-0.27450706780725187
3893,0.17872350198163994
3894,0.2040754707895232
3895,0.2412694016543902
3896,0.030608549351008013
3897,0.08258310491357833
3898,0.005799575924899769
3899,0.08579593159925156
3900,0.03477287496521348
3901,-0.36488982580608764
3902,0.2624822326185893
3903,0.347330497507508
3904,0.1509799340423284
3905,0.3193114986798459
3906,0.30508841409731313
3907,0.135395944992754
3908,0.01951888235195892
3909,0.19938647790559794
3910,0.5372488288596685
3911,0.09969701455991192
3912,-0.030839841267479268
3913,0.35510706666408565
3914,0.4543481822415979
3915,0.09147245500630774
3916,0.4119639021750201
3917,-0.06564602589423335
3918,0.10047266501283113
3919,0.226013882811328
3920,0.33976814106148745
3921,-0.010005648486829916
3922,0.02807993549084495
3923,-0.1973953997782568
3924,0.17970422063692287
3925,-0.05620267940940246
3926,0.20944274327006301
3927,-0.3451995052293326
3928,0.06232775448898445
3929,0.27307346766489743
3930,0.21919945802145874
3931,0.1249566128627187
3932,0.05139119953925736
3933,0.20343866888921563
3934,0.1208647748215288
3935,0.1250583851100968
3936,0.2371923936608707
3937,-0.17418115741732382
3938,0.4207568196961889
3939,0.080771897708962
3940,0.5607058986216357
3941,0.31510839986691164
3942,0.11334887647108804
3943,0.343010772407329
3944,-0.2032743538400864
3945,0.6765603547344621
3946,-0.11118995377096597
3947,0.24419899221276775
3948,0.02744717854613729
3949,0.11177076974994907
3950,0.02867756156099366
3951,0.04194167735983689
3952,0.35051530958507193
3953,0.3165613831277131
3954,0.4701858917860224
3955,-0.06766795618245582
3956,0.29871413243225786
3957,0.11835132086160696
3958,0.221033621533212
3959,-0.10035562178978302
3960,0.1763740087307653
3961,0.47438853259397257
3962,0.18781784168604085
3963,0.26022805119866527
3964,-0.10547342860356923
3965,0.4502521670652037
3966,0.1563293506429948
3967,0.25103146559996276
3968,0.10343753898638616
3969,-0.22967675656440417
3970,-0.02038275860776695
3971,0.42116983214505077
3972,0.09443099507938751
3973,-0.008254562031792399
3974,0.20790397460951787
3975,0.24043969271288154
3976,0.4840451206351799
3977,0.18131841185621456
3978,-0.13456108597911864
3979,0.21995395372578158
3980,0.4702928860889536
3981,0.2021193235462309
3982,0.24864108601369309
3983,0.3972406589102112
3984,0.2998179705095639
3985,0.1101360858100271
3986,-0.10139638959780825
3987,0.43589210646687504
3988,0.10507704490659138
3989,0.1119610780513008
3990,-0.2958328200310909
3991,-0.32109350797887776
3992,0.04941452061479035
3993,0.0002892139133635896
3994,0.28949793373729316
3995,0.17017068871319957
3996,0.04540915572227916
3997,0.3366647209235606
3998,0.1363418589030836
3999,-0.21658671762457865
4000,-0.1851503621776206
4001,0.01630556925495416
4002,0.19208518040144218
4003,0.2925320187606747
4004,0.09220192049418391
4005,-0.3951018811307437
4006,0.2512164322524711
4007,0.36310769932595327
4008,0.005050118549380089
4009,0.11125387297609515
4010,0.38088891174646305
4011,0.20668799133353996
4012,-0.010475484744651486
4013,0.31965820653554977
4014,0.6796776862505678
4015,-0.3777087556812604
4016,0.09791006507369622
4017,0.4436238945526083
4018,0.2113814910527143
4019,0.01686271131972969
4020,0.22257056594971084
4021,0.029682475308711653
4022,0.24411956317075412
4023,0.156474735383582
4024,0.26807764167743275
4025,0.2687888107566354
4026,0.019375246452187786
4027,0.18896789694644817
4028,0.19001658624606196
4029,-0.12577119172819884
4030,0.06223872410151726
4031,0.041376764950844774
4032,0.04862180326213936
4033,-0.08293841128589369
4034,0.1288477761705203
4035,0.1556769791778696
4036,0.2815020267116796
4037,-0.6130630535244888
4038,0.6268899614309618
4039,-0.21088543840564297
4040,0.3338482656582112
4041,0.376457896270986
4042,0.4082561984992842
4043,0.32172005819989613
4044,0.23689172770786884
4045,0.19053288659613937
4046,0.12572958204832418
4047,0.36972522819696174
4048,-0.2816469393215828
4049,0.41185464415777484
4050,0.32800170050077404
4051,0.175356520152401
4052,0.31937370058170955
4053,-0.013438504111200032
4054,0.3200392903806297
4055,0.2339667086188566
4056,0.24881144770362285
4057,0.20117170833598852
4058,0.26986422962427803
4059,0.2237378631654617
4060,0.11575702955980495
4061,0.5303461951702096
4062,0.09559130549121006
4063,-0.03526905118350547
4064,0.06724985479722134
4065,0.23272887995421068
4066,0.2454959334540115
4067,0.12062710193993642
4068,0.009054558530041553
4069,0.1350423603708229
4070,0.15108285915256003
4071,0.056950257377458985
4072,0.2645346698439272
4073,0.4150230315233696
4074,0.09846794095824124
4075,0.059703963046000064
4076,0.2633721827147779
4077,-0.01651102552483355
4078,0.34116187495049166
4079,0.2649836615865744
4080,0.04151750062561688
4081,0.24645698444663947
4082,0.3357469684530717
4083,-0.34235633763958595
4084,0.18689579597153885
4085,0.05877131435916755
4086,0.17339483097206768
4087,0.5460227396496041
4088,0.1138940268390204
4089,0.07892631420692126
4090,0.6092458668132719
4091,-0.04477358654230651
4092,0.04038261657260081
4093,-0.10254519710653623
4094,0.17697041735626678
4095,0.4757998947320336
4096,0.20432195206664727
4097,0.21767928064063852
4098,0.28492983846375397
4099,0.5203495223209894
4100,0.04946591059826738
4101,0.3116949532459625
4102,0.29145498204157927
4103,-0.01341853298872947
4104,-0.2092528333675983
4105,-0.2299641805192461
4106,-0.29080962113099496
4107,0.24121245044693101
4108,0.2530171224737673
4109,0.5935443802568487
4110,0.5996780671201133
4111,0.17953405395915178
4112,0.299437279015598
4113,-0.2044556910010245
4114,0.31448829252727656
4115,0.4879636112674062
4116,0.2894869121562966
4117,-0.38076796783304184
4118,0.4346141427304917
4119,0.29317093810383893
4120,0.20207888171529897
4121,0.23617040462143774
4122,0.009714158737881562
4123,0.09391698437529222
4124,0.02880544453573443
4125,0.2748087951871279
4126,0.32326829249175826
4127,0.1497213392385765
4128,0.12979695302309419
4129,0.062369044900859316
4130,0.10368080164112195
4131,-0.011349290082494023
4132,-0.028870227626906747
4133,0.05410122263575773
4134,-0.17107944571222855
4135,0.14479816848419153
4136,0.27323894780879526
4137,0.34203422323257615
4138,0.2156113762574877
4139,0.3840471059074159
4140,0.048954173877664486
4141,0.17216597406951334
4142,-0.0637462894463007
4143,0.17218725449304123
4144,-0.09334014144125852
4145,-0.08535227921036301
4146,0.3040992673524203
4147,0.15595748832338613
4148,-0.05093660676408851
4149,0.4989339365745058
4150,0.05292133245578031
4151,0.009962243451188124
4152,0.38669817262475786
4153,-0.6549907104519754
4154,0.47247960646654663
4155,0.12127122223454444
4156,0.01353233803755688
4157,0.2337998246397567
4158,0.21604460764400624
4159,-0.23345858185676024
4160,-0.1635008008251562
4161,-0.020872494321457352
4162,0.19300513143815054
4163,-0.04008493665065538
4164,0.6133688577890236
4165,-0.08904391736932185
4166,0.06452689160225045
4167,0.03696400141309575
4168,0.03657611827228255
4169,0.24531399819868516
4170,-0.239542725613866
4171,0.10316530690295979
4172,0.30721141575750266
4173,0.13345952952175572
4174,0.3259931740344493
4175,-0.08100952745556736
4176,0.5250423565121658
4177,0.18828369431818828
4178,0.3093340429764314
4179,-0.022837400221642865
4180,0.23847348546160152
4181,0.2779051053675121
4182,0.11789387057161319
4183,-0.05717497183257728
4184,0.04311429319719273
4185,0.06014794012863678
4186,0.22582915649908614
4187,0.05741840987015506
4188,-0.17726655240433548
4189,-0.12801028537739756
4190,0.17110339352906423
4191,-0.2792685064864532
4192,0.0866590810161002
4193,0.026530175155128885
4194,0.029654510510485732
4195,0.10489229428816765
4196,0.2115725363348513
4197,-0.018788839805049418
4198,0.2957301415040421
4199,-0.051436108793184915
4200,0.12011561181590413
4201,0.22406757695121854
4202,0.08730902843038377
4203,-0.017955517839434054
4204,0.09428538783350959
4205,0.25681608547335494
4206,0.48985677323780086
4207,0.32931979060841926
4208,0.08009211066117458
4209,0.41280038306145556
4210,0.08279340116131545
4211,-0.19901450661816467
4212,0.00619439880325251
4213,-0.2710688020801583
4214,0.2192316326790551
4215,-0.20600614401217568
4216,0.21958440237766236
4217,0.2966195461630191
4218,0.31844588522031386
4219,0.17063269391120509
4220,-0.437413290351388
4221,0.24642473976025772
4222,-0.00807627753361459
4223,-0.07027261304280766
4224,0.3497532458884048
4225,0.09193976393461968
4226,-0.02304254886703227
4227,0.5309763798872893
4228,0.47774266412272304
4229,0.20389628377889363
4230,0.48056177983994514
4231,0.31420369623705235
4232,0.0994891740508981
4233,-0.2414979489565929
4234,0.5005175959885421
4235,0.11592356390228895
4236,0.1395669635714471
4237,0.200142211188988
4238,0.27018777755065904
4239,0.13928455472749898
4240,0.026037234145849568
4241,0.20495467546001145
4242,0.2831845082402251
4243,0.1574897313295335
4244,0.11176309821827976
4245,0.2118909589660712
4246,0.10302084548675636
4247,0.2887551366484409
4248,0.3496299714120698
4249,0.026453556644118914
4250,0.1053538454595434
4251,0.3425583363888156
4252,0.18752337080483147
4253,0.23057359762952942
4254,-0.06739532123247563
4255,0.693187801605377
4256,0.46830248220610254
4257,0.3207001239111598
4258,-0.08114035731610741
4259,-0.14777341542997371
4260,-0.01701431908824902
4261,0.15286394430351874
4262,0.27140216639676273
4263,0.12791996132031208
4264,0.21671722564298546
4265,-0.0019559657196054347
4266,0.20844263924477408
4267,0.07842723230085528
4268,0.09745068671698766
4269,0.18536793077348102
4270,0.06162598952428867
4271,0.29763831465279306
4272,0.16070727018436956
4273,-0.026841877464325786
4274,0.35068550056466247
4275,0.2121874075674538
4276,0.3274541539130228
4277,0.3814297653377131
4278,0.16055929261362262
4279,-0.19962467118789673
4280,0.28782950898198134
4281,-0.003940330229031008
4282,0.17951147759097735
4283,0.20202177676149652
4284,0.005275392672939361
4285,0.035123376829186814
4286,0.40500819539816957
4287,0.41885191625778206
4288,-0.1596120751992276
4289,0.069290126580103
4290,0.3115757403240029
4291,0.035378672811512135
4292,0.2621273156249487
4293,-0.2683256254686159
4294,0.4937804124651979
4295,-0.08629389446461344
4296,0.01919288736954274
4297,0.567770780335728
4298,0.16699708576679764
4299,-0.28814558707128757
4300,-0.11924307441789983
4301,-0.2758652894065787
4302,-0.06187285487902444
4303,0.4356336639418852
4304,0.08269134951164035
4305,0.28534468655440925
4306,-0.21738807714815614
4307,0.21309170714345887
4308,-0.03632802875010677
4309,0.5069435557795758
4310,0.11302559283249794
4311,-0.09841017124213719
4312,-0.11693558381365188
4313,0.2352727872323842
4314,-0.09467822160363085
4315,0.23184455948023014
4316,0.03973586462828732
4317,0.17346655595357732
4318,0.12171718781230464
4319,0.0747905441263158
4320,-0.044246178558476235
4321,0.04917485232994361
4322,0.2809542812482586
4323,0.09230181304639104
4324,-0.11460311965142661
4325,0.4538975941719984
4326,0.2580133875817393
4327,0.27098901043034246
4328,-0.3332742285181468
4329,-0.14452913040369092
4330,-0.1053490277964822
4331,0.37475102032887986
4332,-0.1902031185044305
4333,0.06210424641600068
4334,0.2763188217990952
4335,-0.016360683263218795
4336,0.8084343235255758
4337,-0.12294906301270841
4338,0.19154434841847512
4339,0.12782269531938198
4340,0.040844228967049076
4341,0.23519059527895106
4342,0.2674801556838464
4343,-0.2762211542900795
4344,0.20930135588629442
4345,0.28512987745837953
4346,0.36434841592439415
4347,0.27707257447532896
4348,-0.049233705682993206
4349,0.19941107643713119
4350,0.39673493272024696
4351,-0.16251359698957885
4352,0.24556029345238561
4353,0.06887214224965882
4354,0.33658706376445735
4355,-0.00135339356629878
4356,0.21222046140660106
4357,0.09913450347482186
4358,-0.08240896646268181
4359,0.20542273350125667
4360,0.354135448846718
4361,0.07406853556610138
4362,0.06520523551231425
4363,-0.18418827406384192
4364,-0.29446813452914394
4365,-0.09666972347891889
4366,-0.12251664829191379
4367,-0.13623632843080635
4368,-0.09329481823316799
4369,0.25891231670831444
4370,0.38010085198726595
4371,0.015618233661416972
4372,0.192197971066193
4373,0.38009947655940063
4374,-0.014833220785021195
4375,0.1870336319046469
4376,-0.09222546921825509
4377,0.01645924216235125
4378,-0.38994195983632296
4379,0.18546152919099007
4380,0.16032746317495689
4381,0.48074890773071444
4382,0.07157919926087386
4383,0.04657835959423556
4384,0.07916853458589304
4385,0.19268027930319565
4386,0.2987079196094062
4387,0.08273860377705025
4388,0.317465325364175
4389,0.2906608479274875
4390,0.0004891365596998432
4391,-0.025376162590170948
4392,-0.17508966408549853
4393,0.17364624212291227
4394,0.3626348188185502
4395,0.5710273668624366
4396,0.5168994173256652
4397,0.30808961750231917
4398,0.33171476577571457
4399,0.025966964153636057
4400,0.09580672302211102
4401,0.42629605201371346
4402,-0.04433390909507873
4403,0.25482566207490864
4404,0.02149609157960361
4405,0.248848307762922
4406,-0.06489344292477534
4407,0.28767505006987293
4408,0.05242790610560749
4409,-0.012875858620747471
4410,0.026654925069480556
4411,-0.12241924077757396
4412,0.00297455642191391
4413,0.3637983682211102
4414,0.06203500005488525
4415,0.13825739365813938
4416,0.069587748656466
4417,0.29131496360874054
4418,0.5269434500267909
4419,0.35622298055343465
4420,0.0033476261784421424
4421,0.041028433671079834
4422,-0.05223755767717281
4423,-0.07919280319934385
4424,-0.03100209926145589
4425,0.0873644478524474
4426,0.1861417847158578
4427,0.40303331181202684
4428,0.16422990218771302
4429,0.06654498865098848
4430,0.13904498143342736
4431,0.42347736013854825
4432,0.25894369249475957
4433,0.42776929889170323
4434,0.18181988554695294
4435,0.07246789918478184
4436,-0.06419395698103286
4437,0.40011711149583756
4438,0.08440519409795583
4439,0.04484449689205268
4440,0.260676564406375
4441,0.08947114180600912
4442,0.3487606675062913
4443,0.22461168598105724
4444,0.20583244153657249
4445,0.3309987627502111
4446,0.1551612358005167
4447,0.3360250032946297
4448,0.25569686910159656
4449,0.20105785313786714
4450,-0.19449796538376052
4451,0.20335957367833535
4452,0.3264139590056711
4453,0.21616238215136385
4454,0.4304420478800828
4455,0.05234524313770417
4456,0.35213373767635
4457,0.4847983158022203
4458,-0.14631107593375642
4459,0.4530650279978011
4460,0.015738663951227527
4461,0.10527421226728537
4462,0.27666483268538333
4463,0.08821809422786248
4464,-0.4231769990598284
4465,0.366954912914481
4466,0.48184836087324284
4467,0.05595219712738231
4468,0.28565778235390216
4469,0.367190893881956
4470,0.6719335000153737
4471,-0.18806618406063935
4472,0.14517969118565138
4473,0.07312063851157008
4474,0.0385300545248263
4475,0.37161495775092424
4476,0.037482969839778946
4477,0.11569625275004616
4478,0.5550680817669943
4479,0.30965583074701386
4480,0.21266907551382996
4481,-0.280688222068726
4482,0.5206646918807589
4483,0.16838756499254026
4484,0.4581200569288357
4485,0.1326393698004613
4486,-0.017068944645209708
4487,0.07466886974945013
4488,0.13224239492313233
4489,0.08972603272668872
4490,-0.5132429231359321
4491,0.22626099542777803
4492,0.39546376746375844
4493,-0.1164144390414105
4494,-0.017143245690818612
4495,-0.1983103533731799
4496,0.09483703468281918
4497,0.40508013247655517
4498,0.20588225683164696
4499,0.09099361823545446
4500,0.36974989260074
4501,-0.011203237974189456
4502,-0.0615608859506403
4503,0.1779848254197443
4504,-0.5131733234308609
4505,0.018370094149750077
4506,0.3012586383235336
4507,0.27944787824628103
4508,0.12387099573127745
4509,0.1319905235274856
4510,0.1876294437412691
4511,0.11254271521871047
4512,-0.09907745189746756
4513,0.031211682514874828
4514,0.3283628662941839
4515,-0.18679556808428477
4516,0.26583004720987613
4517,-0.040819466727554404
4518,0.37432128265923653
4519,-0.04353673807041658
4520,0.044699074517249804
4521,-0.048669578265168434
4522,0.23046518118989026
4523,0.4700253335924928
4524,-0.16162994251830093
4525,-0.5261030179430822
4526,0.26371701620337834
4527,-0.2589485892264012
4528,0.11230403492441118
4529,0.19230483892631509
4530,0.5424164713023235
4531,0.31577734703536714
4532,0.38746564674352224
4533,0.40130761358116684
4534,0.06379926760867705
4535,0.3801452342966707
4536,0.2978800054326439
4537,0.11255174323933144
4538,-0.8902022255630709
4539,-0.023735183679009828
4540,0.08248448380651097
4541,-0.3913787214444912
4542,0.24144783345569817
4543,-0.3217347181413149
4544,0.15281594996831258
4545,0.27470740235460056
4546,0.1161586340310707
4547,0.165576072054426
4548,0.2165023999969856
4549,0.15714272307689803
4550,-0.2706149275877509
4551,0.2675677126580846
4552,0.12480182686232671
4553,0.3199780062897384
4554,-0.05543701435196896
4555,0.08347702158552216
4556,-0.13285246069298268
4557,0.31445709489336376
4558,-0.036464212960694575
4559,-0.38362486034042576
4560,0.08009053277038686
4561,0.13862222720030457
4562,-0.052349379096717386
4563,-0.041408714203590546
4564,-0.07848260829698403
4565,-0.025224444545398517
4566,0.46075712029388594
4567,-0.05818371592263538
4568,-0.20791107494048783
4569,-0.19977515819317865
4570,0.0862774588425696
4571,-0.004730714224546184
4572,0.3104453265257289
4573,0.3035577732276381
4574,0.11251014317732946
4575,0.21450963319082159
4576,0.11543436017221535
4577,0.18777349372491192
4578,-0.08628273834882988
4579,0.15921252237434547
4580,0.0865138374566431
4581,0.061615859891446606
4582,0.1537100583940679
4583,-0.07383457121236689
4584,0.2211566264637487
4585,0.10368183455378133
4586,0.04797669216851341
4587,-0.12221083731137361
4588,-0.5015563727121045
4589,0.19106047888042987
4590,0.2845571329066552
4591,0.3759244694269456
4592,0.3602524808084245
4593,0.17945869024576505
4594,0.18537139300573927
4595,0.21019671564286468
4596,0.5058734859806756
4597,-0.22068235341178793
4598,-0.19655538453874882
4599,-0.17617411805688718
4600,0.30594671848233834
4601,0.005986643156954435
4602,0.07980184274813376
4603,0.09809976897980288
4604,0.08763077020918639
4605,-0.2912081265482437
4606,0.03138981351906529
4607,0.2698816917863353
4608,0.3081708100346854
4609,0.12059108878847959
4610,-0.0031465927408826366
4611,0.4388219713098875
4612,0.17788056400323293
4613,0.4286473120626575
4614,0.2190346229511142
4615,0.3415253758650342
4616,0.15806970097380318
4617,-0.06518883668191888
4618,-0.09726666385845079
4619,0.02133682300303491
4620,0.2189775009993834
4621,0.3161074073388274
4622,-0.2717053356925074
4623,0.06117202779869327
4624,0.40086199980967424
4625,0.566882028219794
4626,-0.0581863060044605
4627,0.19803452048102477
4628,0.3793784369483729
4629,0.14538123329651753
4630,0.2779641600943167
4631,-0.019398605865796337
4632,-0.28892184497290757
4633,0.05062381511902385
4634,-0.22977617899803016
4635,-0.1720851431508489
4636,0.17175316139853772
4637,0.10427394413339336
4638,0.5364432013885942
4639,0.3607102405292477
4640,0.07524873989944322
4641,0.21689087184655698
4642,0.19429428241240254
4643,-0.009603447465748281
4644,-0.10540242881497425
4645,0.1949277077343379
4646,-0.052895267894543296
4647,0.18386256866819878
4648,-0.07013862077824526
4649,0.33076813172560343
4650,0.040962149893038285
4651,0.07881870561997334
4652,0.6385897432072725
4653,0.2762926847700919
4654,-0.09946684089244406
4655,0.0864501991783227
4656,0.23144374110087784
4657,-0.2575784366002708
4658,-0.0317440201842909
4659,0.3024259313179923
4660,-0.06557316392184093
4661,0.05201830008698244
4662,0.10906727212268802
4663,0.12487229292882382
4664,-0.4021452265850598
4665,-0.18189776237154137
4666,-0.504615837257058
4667,0.20514506045828207
4668,-0.16244732050174449
4669,0.10808301404255255
4670,-0.4359886931243484
4671,0.3675404199625857
4672,0.0428572529592168
4673,0.3981196137161755
4674,0.3119285957337182
4675,0.08006476750024291
4676,0.2581044956562282
4677,0.2246722398960283
4678,0.3269050248913272
4679,-0.09982007370449741
4680,0.42190398920951255
4681,0.3177829860133474
4682,0.28081473851693606
4683,0.14667042608261036
4684,0.21623207439258849
4685,0.09493893609825299
4686,-0.08411417615843073
4687,0.2820460609201265
4688,0.20925663060524607
4689,0.16629260647991323
4690,0.368141182808689
4691,-0.12279155409102416
4692,0.060732415835525355
4693,-0.1537707339541789
4694,0.2951455363281519
4695,0.1438145221583513
4696,0.13211096681377255
4697,-0.16535818765666013
4698,0.0787210788467119
4699,0.40707038791519123
4700,0.23168875044155435
4701,0.4502254136425413
4702,-0.0018362842119190315
4703,0.21553042827842922
4704,0.45304108482368466
4705,0.4307742299397092
4706,0.22501817312486816
4707,0.35767701135549995
4708,0.38098410601572824
4709,0.06248885878038063
4710,-0.06660129595127878
4711,-0.14970442546215934
4712,0.4740183361598374
4713,-0.027134313090970502
4714,0.4218752164846132
4715,-0.16030567113327318
4716,0.2160883186848684
4717,0.13929640433283513
4718,0.20236372799729832
4719,0.05645589007230126
4720,-0.0006010671333314677
4721,-0.0878049178696084
4722,0.01033644174805107
4723,0.43306277544269484
4724,0.08989751966655707
4725,-0.2832316904077074
4726,0.016095919505262624
4727,0.04600852503801703
4728,-0.30239646670231446
4729,0.229683685052799
4730,0.14726372121296438
4731,0.4529413182956128
4732,0.5534009340528709
4733,0.16348340194966263
4734,0.16973897634028587
4735,-0.08701040541580907
4736,0.37173746679301745
4737,0.13264707258969333
4738,0.0923457257066001
4739,0.26855797963060185
4740,0.4556246508781393
4741,0.15402162753247878
4742,0.11898724758030982
4743,0.24395486743419212
4744,0.36013288949499833
4745,0.3008366926581235
4746,0.0135886384300421
4747,-0.5485368686242728
4748,0.45524023086758436
4749,0.3969327144074506
4750,0.6863894392219405
4751,0.35370011069526697
4752,-0.17028623132395948
4753,-0.10814248968271792
4754,-0.052138989563376426
4755,0.20528492966094247
4756,0.14190891269452716
4757,0.16099188237137854
4758,-0.06205797075647235
4759,0.2564067343969125
4760,-0.07483402483296048
4761,0.021038717401210105
4762,0.24831898931253577
4763,0.21014943721091037
4764,0.0080365898357578
4765,0.40070161124515513
4766,0.11258552259316734
4767,0.29719181788143795
4768,0.48751693270965313
4769,0.09919829784869807
4770,0.14244670955851924
4771,0.006162385277910409
4772,0.47957189336578526
4773,0.24060334079489282
4774,0.014577836741294786
4775,-0.02485373159102422
4776,0.37935840049410346
4777,-0.005065303448649111
4778,0.1833959756048979
4779,0.15845353767140435
4780,0.17692364741114244
4781,0.2112052524949813
4782,0.03973604417633428
4783,0.2751471636724758
4784,0.011929869170002383
4785,0.010425437481970973
4786,0.09173780394732395
4787,-0.005011340444557071
4788,0.3163619897306135
4789,0.04615399810027482
4790,0.22248945076320226
4791,-0.21681452584699518
4792,0.20080438029322856
4793,0.20841600158809293
4794,0.00900251500264121
4795,-0.2929447400304839
4796,-0.12393648563167015
4797,0.33580409773339404
4798,0.2545343679563014
4799,0.3539054918021628
4800,0.06716700475446014
4801,0.2928198761273981
4802,-0.05447506874750885
4803,0.28357251565349056
4804,0.37304765956219904
4805,-0.0469714431974699
4806,0.1354736497782026
4807,0.4599520871577801
4808,-0.28088949202805136
4809,0.0811909636832367
4810,0.315839811211941
4811,0.13551384154775997
4812,0.14569830091131084
4813,-0.007577686318247151
4814,0.002622313671672788
4815,0.17798918612340348
4816,0.43534688548498124
4817,-0.333469393035909
4818,0.08938078562986437
4819,0.07928659279515442
4820,0.3488771394272681
4821,0.4450696230704838
4822,-0.16685262819157975
4823,0.05092591888515217
4824,-0.17999886150005695
4825,0.24076357484311747
4826,0.010541379306349297
4827,0.25347354907481146
4828,0.20666919599966121
4829,0.5835671469130945
4830,-0.11309465837160074
4831,-0.10472992102040246
4832,-0.17429001984495873
4833,0.47532730820750796
4834,0.3842583035809582
4835,0.08858520272330214
4836,0.1519339074519911
4837,0.12350045844733681
4838,0.21589468246252708
4839,0.051895865754362
4840,0.013920836814965087
4841,0.23550363948756597
4842,0.11331330801924189
4843,0.1745556179785122
4844,0.06899678069275605
4845,0.05694385545940184
4846,0.05707306205218793
4847,-0.1691729535957983
4848,0.1419776287493868
4849,0.21042960288700469
4850,0.196209701136366
4851,0.1444175046113768
4852,0.2696916167628875
4853,0.17201523450220024
4854,0.2742264097548328
4855,0.11096188404831
4856,0.08440489373629215
4857,0.5653734163326827
4858,0.1678768347888608
4859,-0.08506570414240067
4860,0.4938642582064055
4861,0.3440557039036844
4862,-0.007979375845058367
4863,0.14827658946443278
4864,-0.06031831050161046
4865,0.5547970065712873
4866,0.41645504108051606
4867,0.192247002429914
4868,-0.19155352986366517
4869,-0.2860778917830045
4870,0.19827404901573376
4871,-0.20279237734175484
4872,0.16617752092702134
4873,-0.0377467595444603
4874,-0.07847270121938416
4875,0.40567424423783804
4876,0.280530297669588
4877,0.17288704268976413
4878,-0.06169689100416351
4879,0.20117040798602825
4880,0.37186337040998896
4881,0.10297515893254475
4882,-0.09161877980792424
4883,-0.09841033448895609
4884,-0.05936132553495366
4885,0.3411627843201433
4886,0.0801731575128865
4887,0.17221263421970595
4888,-0.030068123714366103
4889,0.3338293840567021
4890,0.38391688968682924
4891,0.22620363576167057
4892,0.4680164323600579
4893,-0.0883298852176019
4894,0.03511544650497278
4895,0.71012333154998
4896,-0.1816015651598161
4897,0.09857200484198508
4898,0.3932439989733031
4899,0.16174053761193197
4900,0.5518994626792206
4901,0.2037438580543393
4902,0.2503501624281928
4903,-0.013990310569120515
4904,0.15157620885313533
4905,0.10438601201366504
4906,0.32437560427412787
4907,0.36629686341948264
4908,0.0034356550720449075
4909,0.2530753874824145
4910,0.2207277581065554
4911,0.41711656173522155
4912,-0.08309346095957676
4913,0.025988412594109306
4914,0.018425665459285354
4915,-0.028584570523412914
4916,0.29003053481882457
4917,0.1889395955615221
4918,0.42970009829601197
4919,0.3476495125317371
4920,0.011273583995057956
4921,0.49971164115718325
4922,-0.10462503901759512
4923,0.29894876272268434
4924,0.14817538536525596
4925,0.5776880957255968
4926,0.35036836528672716
4927,0.5265175479920914
4928,0.08522264462155812
4929,0.7613148142190289
4930,-0.09988422872508346
4931,0.13192717527119424
4932,0.15688631229617522
4933,0.3338526952985832
4934,0.03884150191326813
4935,0.4724913993618495
4936,0.03299694552015178
4937,0.4040817175845321
4938,0.4748706378818671
4939,0.18365094904305881
4940,-0.040571895552482765
4941,0.446700795060974
4942,-0.3363427392300112
4943,-0.036060091753755213
4944,0.03603189037037645
4945,0.5171993885970437
4946,-0.01630610307253702
4947,0.2995522902659358
4948,0.18594216739885164
4949,-0.03356258377876964
4950,0.091256277516578
4951,0.16439691486821784
4952,-0.031460515772155584
4953,0.07809297825710117
4954,0.021387957359561643
4955,0.06951674548230148
4956,0.313188381372183
4957,-0.16390399139891143
4958,0.07026050388413915
4959,-0.08713064575740574
4960,0.13454214634988243
4961,0.09670271604761152
4962,-0.5920876265589072
4963,0.43492503676116834
4964,0.027229266072666403
4965,0.012117834772546847
4966,0.2141654618192979
4967,0.46936561312062697
4968,0.2512573150806443
4969,0.13299254290768364
4970,0.0999375192258975
4971,0.2787810823414295
4972,0.181669527909119
4973,0.028999900308276205
4974,0.013715782834136825
4975,0.2894979661666652
4976,0.2736697952867416
4977,0.24863110926223353
4978,-0.0012108985742362854
4979,0.3043157892881415
4980,0.22344382393725903
4981,0.1291926939257687
4982,0.19557669499694538
4983,0.36265797775243025
4984,-0.06962194786264747
4985,-0.153709531661623
4986,0.21279892075986026
4987,0.22849899245421929
4988,0.36130621473847846
4989,-0.020459286223382667
4990,0.38354087273334475
4991,0.359120756482188
4992,0.1701497759334919
4993,0.2742582911518175
4994,-0.09501193041248601
4995,0.23657589275592406
4996,0.08435333109928417
4997,0.5065753875727708
4998,-0.0019136861805855374
4999,0.2537148944848322
5000,0.1617891547433763
5001,0.007396238119666058
5002,0.047107010100562396
5003,-0.052957249967907294
5004,-0.0652870875409114
5005,0.06737014393115245
5006,0.25978166965107136
5007,0.3775714038994892
5008,0.26734229265723963
5009,0.3052969942812662
5010,0.4192494535808923
5011,0.08979480819514987
5012,-0.2148234714030708
5013,0.20016441078539973
5014,0.07690218661296663
5015,-0.21528713485719023
5016,-0.05158970264618773
5017,0.39517278109760007
5018,0.26447949989053904
5019,-0.2285675526193428
5020,-0.3177055657388136
5021,0.006179095003669588
5022,-0.03093984455851551
5023,0.2114073324099387
5024,0.14811342081912124
5025,0.16041318720486086
5026,-0.17990874116628264
5027,0.3851180008940862
5028,0.5651404604742449
5029,0.27237921178684876
5030,0.0763667917129073
5031,0.15882308350742613
5032,-0.07816497067052514
5033,-0.006353946375634675
5034,0.4975533478381938
5035,0.2418972041467382
5036,0.1550401782827538
5037,0.2630219467811296
5038,0.36713384607621835
5039,0.05514027818172207
5040,0.12064738949563235
5041,-0.25392296109611384
5042,0.35372942817313174
5043,0.13262891566509044
5044,0.32850077899371205
5045,0.09080309310270629
5046,0.3050367253155279
5047,0.10688092156538764
5048,-0.09724458490931301
5049,0.12436219397550469
5050,0.11437391665600802
5051,0.17113335317485548
5052,-0.05157853927872713
5053,0.012621924579492412
5054,0.15788855957543013
5055,-0.1741904844314186
5056,0.1438159784327058
5057,0.13653106005391563
5058,-0.28271989519687535
5059,-0.1532878339727286
5060,0.43155277292948746
5061,-0.23830824881987722
5062,0.07777310242648446
5063,0.22236135625197212
5064,0.44841410674733895
5065,0.33206401082526554
5066,0.1252493220357362
5067,-0.2949754713225381
5068,0.09456509921116596
5069,0.12855445238619778
5070,-0.021297154239095187
5071,0.12966328724463
5072,0.44250246807843735
5073,0.13446777337700438
5074,0.034284858443181264
5075,0.15768664179884873
5076,0.32221993381609443
5077,0.319783048903693
5078,-0.09518079569347271
5079,0.22055794881052782
5080,0.014742198119018415
5081,0.2642406065307531
5082,0.16488616321228225
5083,0.24111429140323895
5084,0.13784369935479948
5085,-0.15870135358617996
5086,0.3004552355634739
5087,0.37653399085264605
5088,0.3396647383710554
5089,0.16445667622673946
5090,0.3667873288696385
5091,-0.2245619060261319
5092,0.04802525183078346
5093,-0.37553669206480744
5094,0.3237452979919415
5095,0.11123855324661548
5096,-0.5605401062181309
5097,0.04193621717181064
5098,0.0063978613549054986
5099,0.23205920884628617
5100,-0.17724102079144613
5101,0.1595878722772417
5102,-0.003380865510838424
5103,0.020498333810846626
5104,0.19824021388606955
5105,0.44093830635338443
5106,0.3419925604307075
5107,0.3650917674874243
5108,0.1791502013578851
5109,0.13630618829765911
5110,-0.23229326944509732
5111,0.21664651292282242
5112,0.3268295764789918
5113,-0.011890081042670642
5114,-0.07276768162187851
5115,0.1664683423653783
5116,0.015039852439947293
5117,0.3075514880111528
5118,-0.1321779405005508
5119,0.46536918390693827
5120,0.3165529360779523
5121,-0.11949909381220311
5122,0.129368473413792
5123,0.4490835976777202
5124,-0.11534258010363403
5125,-0.1936324089598815
5126,0.05631404705789944
5127,0.28375030213022157
5128,0.15078324999074505
5129,0.24216342610322392
5130,0.34182248107086854
5131,0.4218989820817065
5132,0.28124432925889786
5133,0.17587505090626346
5134,0.3903781565555101
5135,0.4240160414326653
5136,0.2661732588462818
5137,0.02519904639207448
5138,0.16493026953758666
5139,0.14303117022645317
5140,-0.011760238932016609
5141,0.3556650797879668
5142,0.2200071096079178
5143,0.39228357310578255
5144,0.30399950515896573
5145,0.4033226404754355
5146,-0.07547531764632573
5147,0.38295092162026223
5148,0.13337338896660322
5149,0.5258970726042562
5150,0.31846639620330053
5151,0.19349056095306022
5152,0.14403336534333677
5153,0.09809521257952424
5154,0.08053218960602329
5155,-0.03184329504885702
5156,-0.030622484018441698
5157,0.12168772706860403
5158,-0.03401842863011978
5159,-0.15622047931728394
5160,-0.020638810226243816
5161,0.011193871308825598
5162,0.18676273780406624
5163,0.1429822743772387
5164,0.3116620503222449
5165,0.3720385789565538
5166,0.19588792045064932
5167,0.15637481581648593
5168,0.024461539894463424
5169,0.23947219234809602
5170,0.13772205994329123
5171,0.21583517716295886
5172,0.318597807328627
5173,0.3432501832338955
5174,0.2392037606518521
5175,0.2407199291575982
5176,-0.06789623633595536
5177,0.23160908156414603
5178,0.0905206872786763
5179,0.28123265604628467
5180,0.3827649695993318
5181,-0.011871835088431038
5182,0.022724222843860525
5183,-0.16198179505612115
5184,0.10190992255757675
5185,-0.07553278182220197
5186,0.41382260160268597
5187,0.4231586172475573
5188,0.11222176866337706
5189,0.0988787163534293
5190,-0.005193440931180765
5191,0.2794453149288793
5192,0.3949611045049945
5193,-0.11286795788872499
5194,0.38769310704818627
5195,0.24029037650806498
5196,0.3020731107356723
5197,-0.10906583116559995
5198,0.44299398822723923
5199,0.0032827741618838835
5200,0.010198938913135724
5201,0.05189417546865964
5202,0.27773870461551753
5203,0.27456399289039785
5204,0.026145354878582758
5205,0.08495620119800307
5206,-0.05746446017179557
5207,0.08673878212804437
5208,0.3341622288668499
5209,0.12488398651795005
5210,0.04478917452174347
5211,0.16980952298883203
5212,0.16052161390550554
5213,0.1775487528377022
5214,0.1489359627733378
5215,0.20968501436025605
5216,0.07864058133988712
5217,-0.2634877153779559
5218,0.5802935837617432
5219,-0.02611787467166271
5220,0.17492881605166183
5221,0.444417028239746
5222,0.259187897263576
5223,0.4601162837701207
5224,-0.10773724480052527
5225,-0.39011454438285514
5226,-0.07453974183132195
5227,0.011865580195882356
5228,0.3398661505949042
5229,0.259479034481031
5230,0.006890043846004473
5231,-0.060258243783304855
5232,0.23553321183100379
5233,-0.5443256888614563
5234,0.07449945206029551
5235,0.03075678512955521
5236,0.5936579124039841
5237,0.10356313517160182
5238,0.46346125730543825
5239,0.44324171935816065
5240,-0.1313151781788969
5241,0.18964671827704244
5242,-0.09207363290837489
5243,-0.2098654776107053
5244,0.26117835025256697
5245,-0.025365244218843563
5246,-0.025636776702987474
5247,0.1631753914336499
5248,0.12002159306113147
5249,0.2020650325109934
5250,0.2197193374005674
5251,0.34497150844973035
5252,-0.17663485101234616
5253,0.3410358319495635
5254,0.25420587721996524
5255,0.3509188246835901
5256,0.08545364969054109
5257,0.17123777110911537
5258,0.23776073836163653
5259,0.15148682434944638
5260,-0.029157090966477686
5261,0.5194423153515475
5262,0.26466679309599567
5263,0.42455915365671165
5264,-0.16062171818767101
5265,0.3813142957615564
5266,0.06768639107649
5267,0.17444605486285372
5268,0.2623769926708439
5269,0.032559279561455406
5270,0.37797602089854226
5271,0.20560846770905536
5272,-0.17100055606651193
5273,0.08214320212323081
5274,0.11813214643448106
5275,0.4538796640674377
5276,0.2027644635856139
5277,0.3027802782216035
5278,0.3667608100651939
5279,0.16417748868553458
5280,0.2036144703205715
5281,0.41876385823349366
5282,0.13231252439012361
5283,0.20236557936491137
5284,0.13770359011443217
5285,0.3516771985990118
5286,-0.0363195308305143
5287,0.29113689827385764
5288,0.2676170304386828
5289,-0.052751129718689116
5290,0.49288303059714317
5291,0.3759540622153192
5292,-0.20171296987888876
5293,-0.026360169330166466
5294,0.2461290052927498
5295,0.19159420977965225
5296,-0.035169904558853535
5297,0.6493483566453877
5298,0.23593810906242363
5299,0.07884154029423542
5300,-0.030650406643030204
5301,0.06674133976323247
5302,0.2344079593341396
5303,-0.2995155500655208
5304,-0.04805756200146011
5305,-0.3948793180165801
5306,-0.3463681728760003
5307,0.11065418671278984
5308,0.017168616000549308
5309,-0.11365107416131859
5310,-0.2518063725345825
5311,0.05320070794521786
5312,-0.055768859249471794
5313,-0.1260461733658532
5314,0.04276069847388851
5315,0.09176257811462035
5316,-0.019157677154554603
5317,-0.029059681484817246
5318,0.24030137508114807
5319,-0.25074800641829864
5320,0.17168968713688365
5321,0.43741813754483594
5322,0.17428634083351335
5323,0.39062635005068924
5324,-0.013405853774364263
5325,-0.1894586102770854
5326,0.3637840323077689
5327,-0.22618361149936325
5328,0.16195340877628697
5329,0.30915499833533
5330,0.29931528654498696
5331,-0.23117569788032988
5332,0.2241391841248525
5333,0.3045404962109991
5334,0.45232294866463346
5335,-0.2616492388643109
5336,0.24280033962365027
5337,-0.35326044987094385
5338,0.15535423505204587
5339,0.28034147072239946
5340,0.35941514719413903
5341,0.2971060035713208
5342,0.2809385853302224
5343,-0.05975861757734198
5344,0.1015094257350479
5345,0.12566581830989162
5346,0.2551166883036896
5347,0.6329393407690419
5348,0.37323043354835156
5349,0.056676087818995746
5350,-0.09944014660924311
5351,0.2320815596644915
5352,-0.07469586070122564
5353,0.07856171462303929
5354,-0.08139777100985857
5355,-0.03812032528399954
5356,0.27244139958059727
5357,0.4808095179532861
5358,0.081045344685781
5359,0.11340143125929608
5360,0.10949288438756222
5361,0.38138762081122274
5362,-0.07364235166940249
5363,-0.045570092185164335
5364,0.25798140409576914
5365,0.3505644343789079
5366,-0.028222995405306456
5367,0.37375776710520464
5368,0.24005232064771895
5369,-0.043788928205086695
5370,0.34104368134241675
5371,0.1436925679614653
5372,-0.1420457270498919
5373,-0.14528626736089711
5374,0.33784035684128205
5375,-0.19547642944405197
5376,-0.5539078089099031
5377,0.2596414017529847
5378,0.16304693984972168
5379,0.34431091220649723
5380,0.055514020798741945
5381,0.1032051171945721
5382,0.29504458203699657
5383,0.11611283660597713
5384,0.26877564680860055
5385,0.1527808511260127
5386,0.2858922220556389
5387,0.26267518392698086
5388,0.48054583603990797
5389,0.6382084867487732
5390,-0.6028645983623038
5391,-0.1737607935034765
5392,-0.02133322720515879
5393,0.19730941900398208
5394,0.41803333876069215
5395,-0.11204166306386418
5396,0.4085434241592695
5397,0.05832924315476937
5398,0.07261537978671465
5399,0.27389714479849886
5400,0.24362150274786537
5401,0.3749515082446424
5402,0.5429843936105316
5403,0.16629283790517335
5404,0.32263206423716745
5405,0.7063359560882021
5406,0.17003256880318451
5407,-0.021474703793007602
5408,0.3539414009521419
5409,0.24227481576803644
5410,0.42876499887053343
5411,0.3359059542902192
5412,0.07194918474196738
5413,-0.25091555236995516
5414,0.1837620310420286
5415,0.06568300538356155
5416,-0.07238252445465793
5417,0.24722418694711948
5418,-0.20155178640874627
5419,-0.08352046573987218
5420,0.46231499685025956
5421,-0.1986726706175702
5422,-0.0021436332807385633
5423,0.11114890545691603
5424,-0.05671995040555534
5425,-0.20820085709447664
5426,0.09737141847760217
5427,-0.09046592326596706
5428,0.37108793148199615
5429,0.23679974581463123
5430,-0.08495089980476453
5431,0.32924296959861443
5432,-0.040929678532072605
5433,0.26558860972338333
5434,-0.19558309295136025
5435,0.3951364631708539
5436,0.11996351107566182
5437,0.3684071022525771
5438,0.05490291818612984
5439,-0.0247042948636289
5440,0.3197671138080095
5441,-0.306607743271356
5442,0.15534264976280043
5443,-0.17746771423374336
5444,0.2769069096726099
5445,0.00033599036016881967
5446,0.238858814174572
5447,0.13218741049969002
5448,-0.047341847954668476
5449,0.06922338564439079
5450,0.06715551299652284
5451,0.44997201065868214
5452,0.2248452892617022
5453,0.376095210755653
5454,0.32163450895443346
5455,0.5577076133020584
5456,0.08514905576223475
5457,-0.25233917276018825
5458,0.03717281756730631
5459,0.23683793494035635
5460,0.03243470370679363
5461,0.2952076979025617
5462,0.18538473522266347
5463,0.22902131291446984
5464,0.24511050686909777
5465,0.16400154120700272
5466,0.3807586224179318
5467,0.587913839662821
5468,-0.00598633512801261
5469,0.27981448104013606
5470,0.1627319341724987
5471,0.08240998314472452
5472,0.2970933255915207
5473,0.26506773207128403
5474,-0.15619961064933863
5475,-0.09088344532608013
5476,0.04577038406369757
5477,-0.1395439173822861
5478,0.1908997114267893
5479,0.37039843091460045
5480,0.4210864505907661
5481,0.38987786403498137
5482,0.5325061790811654
5483,0.2197610439993838
5484,0.028131035063331172
5485,0.08380066108174192
5486,0.05584241777699722
5487,0.18095676693086152
5488,-0.024853609137859427
5489,0.4118284323748314
5490,0.27686027647255945
5491,0.2616945446202686
5492,0.09647826175548418
5493,0.18843371292041872
5494,0.33343703422419524
5495,0.10314327843593529
5496,0.2595374796547738
5497,-0.04441718555160856
5498,-0.2748566752339861
5499,-0.005940751975097913
5500,0.141813575807817
5501,-0.43292844168805256
5502,0.5942476186756726
5503,0.0003079594257369145
5504,0.265544576257539
5505,-0.07340771372045102
5506,-0.027941509556654975
5507,0.027543270121774766
5508,0.4307143279101869
5509,0.32687329354131195
5510,0.10936608372714776
5511,0.03339335964060381
5512,0.3241498989562033
5513,0.03404677860665398
5514,0.02009505666987499
5515,0.08405292276500796
5516,0.1633607469483973
5517,0.3977710870140025
5518,-0.05547173814445208
5519,0.010454837189881827
5520,-0.03465988504069309
5521,0.2868278782882012
5522,0.15909316470357787
5523,0.09534662533037364
5524,0.28915726214139265
5525,-0.13753554154418055
5526,0.09409579146474145
5527,0.29401750853466635
5528,0.3312502937287916
5529,0.09324416472696873
5530,-0.06040363706263485
5531,0.24612756084601092
5532,0.13356543599591725
5533,0.010506117892205027
5534,0.08833168288825392
5535,0.4442352480138078
5536,0.1952355071766087
5537,0.13493540182338404
5538,-0.31946583192123484
5539,0.012072713978432903
5540,0.25186463680179444
5541,0.18515823123445352
5542,0.15007572748002432
5543,0.10142139429492289
5544,-0.11552230026909609
5545,-0.025971014146332683
5546,0.11160368542450416
5547,0.423798538398237
5548,-0.3617445355798194
5549,0.09646641801043868
5550,0.07110312881551856
5551,-0.04130154695562087
5552,-0.09831557213720216
5553,0.1677301777082567
5554,0.48914322888772394
5555,-0.8160959322703955
5556,0.615299304415286
5557,0.2788189802094086
5558,0.21694324182973224
5559,0.2201750878123398
5560,0.20451592068062574
5561,0.2066118837552714
5562,0.3143257134020368
5563,0.12335715624251581
5564,0.06529517034635074
5565,0.16729680833206373
5566,0.12074814477217238
5567,0.09033121576797268
5568,0.07312311722473394
5569,0.20561974175852848
5570,0.21795396855815719
5571,-0.015309432457277228
5572,0.1321353229407119
5573,0.09093890735337418
5574,0.01932573580343075
5575,0.13209615742528985
5576,-0.12137974548075517
5577,0.22966925104239239
5578,0.09604144851040691
5579,0.16364398763826468
5580,0.1490014093664413
5581,-0.06122811560287761
5582,-0.023419391301546688
5583,0.31692566782159265
5584,0.25236856190439333
5585,0.3111682302225583
5586,0.2029471763468758
5587,-0.4383919547848006
5588,0.3699436243324937
5589,0.1757578919272212
5590,-0.09205831474166855
5591,-0.005002915540514907
5592,-0.013821353974506262
5593,0.0636022752727422
5594,-0.22551247382580372
5595,0.504364755898198
5596,-0.05114645946592443
5597,0.17433262578329697
5598,0.29756471091091324
5599,-0.12222842440828213
5600,0.13218015717900297
5601,-0.0785420216172992
5602,0.0741518717815845
5603,0.11483928938728276
5604,-0.1861454135886789
5605,0.4853673239283903
5606,0.4130159341743863
5607,-0.037984856137809574
5608,0.3225121089812976
5609,0.2090290804172203
5610,0.3612156490983758
5611,0.20145685126677892
5612,0.5098399346354389
5613,0.2069569297218239
5614,0.10433200345353844
5615,-0.014501089372239762
5616,0.21901669974664223
5617,0.6042850744600589
5618,0.06087005413433988
5619,0.30176368527522895
5620,0.3782194333751137
5621,0.32571157530524797
5622,0.0942819697359708
5623,0.12871308001827142
5624,0.5485837858426319
5625,-0.01445118321682684
5626,0.19369260745538902
5627,0.10215180729103379
5628,0.19722863868563417
5629,0.15208264178515607
5630,0.4169806455411238
5631,0.13267605063849228
5632,-0.18102000435162002
5633,0.1275269990552767
5634,0.5534070079181932
5635,0.042851379649975374
5636,0.3239748467505767
5637,-0.01923375728309762
5638,0.372853086302265
5639,0.25451021904267634
5640,0.3559514325393256
5641,-0.06401879205445171
5642,0.3452764855222614
5643,0.1798226739688648
5644,-0.20091210798451847
5645,0.45837216278728604
5646,0.05666395151443415
5647,0.3574766664496779
5648,0.35755906558636075
5649,0.1499064128071724
5650,0.10859866597919468
5651,0.3308736337301021
5652,0.17010852181986255
5653,0.052978555096524875
5654,0.5165332070459269
5655,0.28847462389027556
5656,-0.12854404342453024
5657,-0.015032586762923433
5658,0.4009893604521134
5659,0.1647874352487287
5660,0.5626331407856846
5661,0.5462493242122024
5662,0.1417738300273648
5663,-0.28593382593160493
5664,0.45742901885313075
5665,0.4072590846547868
5666,0.0618136753739304
5667,0.06239558081311963
5668,0.5858718706211334
5669,0.26884408385294506
5670,-0.22996974108797585
5671,0.5539567765400091
5672,0.36477490660340656
5673,0.21473221055223518
5674,-0.048652311822975566
5675,0.08172043483088146
5676,0.16731886876102384
5677,0.23341004433471912
5678,0.14044422645366558
5679,0.2959950636720327
5680,0.16316139866550744
5681,0.25062511379935726
5682,0.04019662439833066
5683,0.03284672751684092
5684,0.09579400943148346
5685,-0.10812497335204152
5686,0.2993745641704675
5687,0.21158188583360676
5688,0.4709668480587581
5689,0.15395520198012483
5690,-0.39949595204371263
5691,-0.3383869142003035
5692,-0.027060372760307025
5693,0.3256202785311676
5694,0.501131428744121
5695,0.06231028159457509
5696,0.10533777434190755
5697,-0.15176192215390444
5698,-0.046766723356662376
5699,0.19563267602293713
5700,0.14196337394941022
5701,-0.04929788761648429
5702,-0.04257202370095203
5703,0.08030028417278505
5704,0.22776299057374874
5705,0.16221470737808608
5706,-0.018944988600697127
5707,0.007246557653601882
5708,-0.20274449188135485
5709,0.00830296336255737
5710,0.506321737585484
5711,0.005360309092372548
5712,0.40690338136305176
5713,0.29370980068983077
5714,-0.13883294843547633
5715,0.1481192552122678
5716,0.02646206637279236
5717,0.5982019068642425
5718,0.15812029464151028
5719,0.4191066605021846
5720,0.2921807064901
5721,0.26237184905783517
5722,0.3413056356065376
5723,0.2529327392927425
5724,0.36064380219198755
5725,0.1724993124037759
5726,-0.09758895033043935
5727,-0.03188806803447408
5728,0.0717315089568086
5729,0.0461917893137197
5730,0.15974498786779862
5731,-0.07916811610687778
5732,0.16244201354805987
5733,0.25298679747024355
5734,0.15813181049539426
5735,-0.0732898264201747
5736,0.1991579963655014
5737,0.4130384110290658
5738,-0.07760032177489448
5739,0.2130806487889069
5740,0.04746959257533084
5741,0.058326553707224366
5742,0.05086682125104147
5743,0.7394519970732778
5744,0.032249053218655455
5745,-0.048023162419688625
5746,0.11057747187642698
5747,0.040616460945971156
5748,0.20658857825934454
5749,0.32368649021693857
5750,0.24909025707160654
5751,0.325577343155864
5752,0.1788569954803304
5753,-0.02945682671950664
5754,0.10321335001111404
5755,0.13196579148673881
5756,-0.13054661282865487
5757,-0.11555017750865262
5758,-0.042796856121908755
5759,0.26414248341669677
5760,0.0023574256347736466
5761,-0.022572571280540354
5762,-0.1316103216687871
5763,0.16902596094988423
5764,0.12014067700259232
5765,0.33921137191381934
5766,-0.009020534794419666
5767,0.44359018571625375
5768,0.09448472405511069
5769,0.5783031227139613
5770,-0.12856140612291744
5771,0.14790033042318657
5772,-0.1514127573922005
5773,0.18866818237958533
5774,0.6052102868309157
5775,0.20740275911620315
5776,0.34838078755569035
5777,0.026482523019975807
5778,0.6931958005201699
5779,0.083750075044008
5780,0.20118600114685853
5781,0.3331569938782881
5782,0.3476159545177806
5783,0.009966527640351275
5784,0.2117627179831562
5785,0.3427429498108707
5786,0.04878175576521064
5787,-0.07563092409636368
5788,0.10250200500862161
5789,0.5721940058034852
5790,-0.007826133577241268
5791,-0.14908452882462797
5792,0.1609476590833
5793,0.3505431933264967
5794,-0.0468656730425267
5795,0.5120427097603826
5796,-0.030845383181045877
5797,0.12332861302777573
5798,-0.04335201220767205
5799,-0.17265362805753764
5800,0.11075658660824311
5801,0.19101982535713563
5802,-0.023075267112104947
5803,0.3146080080145233
5804,0.22444137217690235
5805,0.1693841813326431
5806,0.6338096550416921
5807,0.2899246399346209
5808,0.40602896152219026
5809,0.5190638552905011
5810,-0.0217952169868314
5811,0.3250309435234454
5812,0.11427659401008655
5813,-0.29615474463204383
5814,-0.12907435276987927
5815,-0.2917707021698662
5816,0.15411893823343953
5817,0.5782517173160852
5818,0.3544718125944638
5819,-0.0804427452252706
5820,-0.24892134075728783
5821,0.2686009445137858
5822,0.4092085993755802
5823,0.12228669716398508
5824,0.6438801218338566
5825,0.22596226806117223
5826,0.6539882072709294
5827,0.12481236164679022
5828,0.2562979498574507
5829,0.4904275358618062
5830,0.15271287988548754
5831,0.16605666099921484
5832,0.48741674047194383
5833,-0.02023733563274513
5834,0.04256031937159438
5835,0.21232397087394983
5836,-0.027769153254224826
5837,-0.23109437753518045
5838,-0.15878931579523803
5839,0.17133385572491686
5840,0.32058454233530825
5841,0.33517180825203524
5842,0.08159961849164699
5843,-0.1211986951732239
5844,0.44058059892835444
5845,0.03628754656177503
5846,0.08399986209642046
5847,0.47617102235245545
5848,0.3144938178762121
5849,0.4102175180213774
5850,0.13744190273988355
5851,0.13230496684456128
5852,-0.20758570265062204
5853,0.13077631535320527
5854,0.3148632430451829
5855,0.07312824825263714
5856,-0.11017358599179261
5857,-0.18214488609482027
5858,0.2245283161249275
5859,-0.41285760133965066
5860,-0.11821663143468027
5861,-0.23388054534782488
5862,0.273830132657344
5863,0.10094006993647264
5864,-0.1634048670697265
5865,0.4740778585363671
5866,0.594139294778377
5867,-0.09865170821658065
5868,-0.2082692199340802
5869,0.18895399880281047
5870,0.2135464230481311
5871,0.3576107185192764
5872,-0.07733157872046054
5873,0.3731387992888626
5874,0.05198540056052031
5875,0.09363313739866744
5876,-0.09236473590265531
5877,0.21064079851179796
5878,0.08961309364445025
5879,-0.04935091285891266
5880,0.19664927657492648
5881,0.21645150162994958
5882,0.15608357331507844
5883,0.08373111663037969
5884,0.1452630396658543
5885,0.03213228995281814
5886,0.31787588745136097
5887,0.4157067825298238
5888,0.2485589661704109
5889,0.03888127213834131
5890,0.1591698073276751
5891,0.3760393710511619
5892,0.044252917760856325
5893,-0.021650940014253828
5894,-0.008225866319579472
5895,0.11915291483275747
5896,0.31094084523817667
5897,0.18235579597835494
5898,0.05593963893441427
5899,-0.08793544406853032
5900,0.6059364339284709
5901,0.13699939698965474
5902,0.3191500298277225
5903,0.25391415514941346
5904,0.059276658351560346
5905,0.2694996930825234
5906,0.11432043086674462
5907,0.1692849578019596
5908,0.10652035684804607
5909,0.3028296574944264
5910,0.23812644374195663
5911,0.4579953426711379
5912,0.2992209548333744
5913,0.24706390880911167
5914,0.09838744268087032
5915,0.10871077989194416
5916,-0.24658003673549062
5917,0.18896350489240235
5918,0.3301243045671121
5919,-0.14400044770544607
5920,0.25342336836503687
5921,0.14326061598395393
5922,0.24165544026775343
5923,0.0161420724260275
5924,-0.18360076613378018
5925,0.03859773037992251
5926,0.2908347487503849
5927,-0.5849841977448123
5928,0.5555501723522716
5929,0.10080613490622492
5930,0.2494639131373755
5931,0.09843344541682458
5932,-0.00801903519231062
5933,0.4559815093747397
5934,-0.15970922578179797
5935,0.20401117002586655
5936,0.22446531400281505
5937,0.15376895885499836
5938,-0.04102415138953247
5939,0.1969761642257482
5940,0.06675997787612775
5941,-0.0054121677556163705
5942,0.19278309041742764
5943,0.22702267551419486
5944,0.40497416912829426
5945,0.41914245008808704
5946,-0.034127543264894034
5947,-0.13525440916122017
5948,0.09867380774806703
5949,0.1547028474248488
5950,0.17820122745067446
5951,0.047805781135695
5952,-0.11389363745094966
5953,0.12302793567635406
5954,0.14199645660561466
5955,-0.22384731111352701
5956,0.2981887243164718
5957,-0.09289403305651531
5958,0.2409339601912463
5959,-0.10607456258575693
5960,-0.2320599497979387
5961,0.1674670218997758
5962,-0.09342384562059558
5963,0.1108631201052366
5964,0.17539679087451288
5965,0.10091906319845703
5966,0.22538448091590896
5967,0.1815657555623649
5968,0.17272478710825123
5969,-0.07896179041266035
5970,0.10954819625544449
5971,-0.6476264806843008
5972,0.4771449105338106
5973,0.1446944615423273
5974,0.3353087504339656
5975,-0.06667610107218104
5976,-0.08503740858824371
5977,-0.03148632690920217
5978,-0.028146747733417354
5979,0.41305664667838915
5980,0.14035018576172983
5981,0.1758170319582648
5982,-0.20735878400820473
5983,0.31138587835732756
5984,-0.3316872018402798
5985,-0.027508851306345394
5986,0.4206540054300762
5987,0.12014511841304365
5988,0.07362239926603464
5989,0.16089041219977618
5990,0.06574441195176267
5991,-0.18350353879302544
5992,0.13271574759662208
5993,0.037325591758403026
5994,0.38559643802097265
5995,0.12832610759621488
5996,0.13431290253731784
5997,-0.10911316744889699
5998,-0.08519626600774388
5999,-0.26849266558832324
6000,0.5297685747810966
6001,0.08932057322019726
6002,-0.04853274385573747
6003,-0.0541255258650066
6004,0.17097603279257018
6005,0.008026479716056134
6006,0.33290931966230863
6007,-0.2151980119650032
6008,0.006456604152566492
6009,0.43172661695771886
6010,0.1762774648640753
6011,0.2669813892324682
6012,0.42597376713997437
6013,0.1693384823706945
6014,0.38638123773350486
6015,-0.3068030725449038
6016,0.4096041775519652
6017,0.3195872056870184
6018,-0.28514214692818035
6019,0.41982443788348317
6020,0.1268725003171935
6021,0.47511127552139093
6022,-0.03980890786398246
6023,0.5337456998223253
6024,0.1164194830632651
6025,0.060432546015358884
6026,0.2088296752803006
6027,0.29723032297114793
6028,0.2696935803832575
6029,0.4809730260971931
6030,0.27216024071234785
6031,-0.09050178338290088
6032,0.30654030506149377
6033,0.2623169001373838
6034,0.3516591163343385
6035,-0.12205254292992554
6036,-0.054439801496435014
6037,-0.17541334274845163
6038,0.20774213345303152
6039,-0.27473937393076064
6040,0.04033371222939555
6041,0.14558884079674458
6042,-0.01694151851675721
6043,0.1967178642333572
6044,0.11953167450019594
6045,0.1875650280177524
6046,0.1934775089426179
6047,-0.49407882811301596
6048,0.2721446059268889
6049,-0.21266661032299627
6050,0.26438087841755065
6051,0.2652385473472813
6052,0.048958273504615096
6053,0.09604625010289537
6054,0.4528819528583253
6055,0.09853863099898717
6056,0.10403421600832649
6057,0.3455960354690766
6058,0.43246530945256156
6059,0.02992972208865155
6060,0.38113901627096614
6061,0.21272479292374885
6062,0.4308604284261853
6063,0.22034874108262237
6064,-0.04973366929619866
6065,0.3033963879967096
6066,0.2987554295204019
6067,0.37487914190921257
6068,-0.28880494545993296
6069,0.27777928626769377
6070,0.1724043982540594
6071,-0.09783424803127194
6072,0.17880666744263896
6073,0.03549597178733903
6074,0.15242366444643285
6075,0.024913932793318272
6076,-0.018546254964258935
6077,-0.16296189070449396
6078,0.23781640640246887
6079,-0.0660326915187851
6080,0.350078239926513
6081,-0.037148809222834284
6082,0.03199569867872905
6083,-0.0038250120694908185
6084,0.17153840100061718
6085,-0.06642796398589998
6086,-0.23644206024193362
6087,0.09161869134958611
6088,-0.00029593116932535857
6089,0.051540179771374546
6090,0.14350312803628812
6091,-0.00530509009152047
6092,0.4686884179191262
6093,-0.08541429334699885
6094,0.3442386745720739
6095,0.13082427041104128
6096,0.24458143279915978
6097,0.2876213169753891
6098,-0.47930142590831026
6099,0.19474106852663564
6100,0.3295867349550656
6101,0.4979211130143759
6102,0.003858683114856737
6103,0.2468135582473458
6104,0.12407044635112374
6105,0.297164374963136
6106,0.47482755209897937
6107,0.4559577585636989
6108,0.1447208238819075
6109,0.43402880663579274
6110,0.10427896539150988
6111,0.3758254536028709
6112,0.2172654784784141
6113,0.3939132888857269
6114,0.294434598418586
6115,0.46212895821641664
6116,0.237998479911869
6117,0.38333081505593125
6118,0.0001196046483376706
6119,-0.009574081926219863
6120,-0.0302346888336395
6121,-0.36512332538235337
6122,0.0024478942981147334
6123,0.3384758455750473
6124,-0.01073152356442958
6125,0.07440702022344653
6126,0.17462033553866363
6127,0.15608213686042446
6128,0.37180190535540325
6129,0.2514533175831076
6130,-0.0030678487212473793
6131,0.5643804504410698
6132,0.3226708969837833
6133,-0.27858872740396257
6134,0.2306966787068242
6135,-0.1482123006622868
6136,0.3244708943952213
6137,0.23075275058187067
6138,0.458800234061437
6139,0.22517439981672902
6140,0.1329852464834087
6141,0.06913007862395248
6142,-0.20270783930052932
6143,0.18855668580939947
6144,0.41610206853219855
6145,0.5037480290356625
6146,-0.16281152557362832
6147,0.07278147788374378
6148,0.17720800023243385
6149,0.13633303013125347
6150,0.3313054362618083
6151,0.4649313214108008
6152,0.2808096986548226
6153,0.0045279740399553625
6154,0.08478535786737346
6155,0.2537884919721563
6156,0.1586847738939694
6157,0.5229642750837594
6158,0.5419057869351616
6159,-0.04916389372306393
6160,-0.12201974827999014
6161,0.031571888426736666
6162,0.11065146272077125
6163,0.013182824896177413
6164,0.09218653956169195
6165,0.11108425888377518
6166,0.20164725389734817
6167,0.006161310110087331
6168,0.09664331603973025
6169,-0.026667302193322695
6170,0.1577787343365573
6171,0.24919595915226678
6172,-0.021841832895068247
6173,-0.18176632042553514
6174,0.30648438677066897
6175,-0.049432504468480826
6176,0.12810813344125463
6177,0.2810090476372147
6178,0.3937728430617241
6179,0.48898433296643123
6180,0.05306293530698697
6181,0.06799199424622365
6182,0.28109205769552076
6183,-0.04020660596120007
6184,-0.005773164005768827
6185,0.2539378262794864
6186,0.10587755569220136
6187,0.1616860829753523
6188,0.21629263646081143
6189,0.3728829805395141
6190,0.3330244704103771
6191,0.17515037450837576
6192,0.10790283028697314
6193,0.2756735495878162
6194,0.36945544327393154
6195,0.5513421280778459
6196,-0.3452724751726743
6197,0.2669251682893235
6198,0.05782737789501721
6199,-0.20812722927541444
6200,0.30454365483515666
6201,0.040051365326115806
6202,0.30809618953431606
6203,0.17085716752116778
6204,0.29778783980293444
6205,-0.0972462312739687
6206,-0.1583131530196925
6207,-0.15419497734191934
6208,0.17493671730808824
6209,-0.20392546662301503
6210,0.24040734142598827
6211,0.1534381873607588
6212,-0.1035294595756278
6213,0.3423490963702879
6214,0.05065770057541627
6215,0.42815689226537496
6216,0.44012050553381704
6217,-0.02381656917993477
6218,0.1521996861202318
6219,0.1912723659819
6220,-0.02968532743588402
6221,0.41570631500033817
6222,0.23346551464256607
6223,0.06382517891756284
6224,0.4032583267904045
6225,0.07350861356654069
6226,-0.0970621239240066
6227,0.029288369095390232
6228,0.17908869029373511
6229,0.5530118154638292
6230,0.11219548426371921
6231,0.10868913222691401
6232,-0.15794429601853038
6233,0.08347737866372734
6234,-0.14165149049634607
6235,0.0716267288738408
6236,0.10542424509266184
6237,0.02190851543751303
6238,0.07789101749730742
6239,0.2736786779608873
6240,-0.033786346356292574
6241,-0.12675438080651474
6242,0.32281477014970034
6243,-0.047908516495935125
6244,0.09778146738905924
6245,0.028106012112270245
6246,0.20669898663188135
6247,-0.35076220881826714
6248,0.11795908529971426
6249,0.0404309070338949
6250,-0.05958887015338388
6251,0.4596211048050214
6252,0.44652254287143556
6253,0.04398081048610156
6254,0.26634252004851455
6255,0.3756393491859632
6256,0.3984934010329356
6257,0.14517352732748906
6258,-0.010511843809231147
6259,0.12779427927112014
6260,-0.21672426109143827
6261,0.49473409146353353
6262,0.05088465344046303
6263,0.3067588791999808
6264,0.21255732291363483
6265,0.1093344321555928
6266,0.286150563470766
6267,0.10360837372997994
6268,0.484318482036424
6269,0.31527898127206666
6270,0.13028142200517473
6271,-0.05224942976540347
6272,0.1699120964155441
6273,0.28497182033077284
6274,0.31446200500237753
6275,0.17085986800918337
6276,0.020374180095213745
6277,0.2600163740060895
6278,0.14748655367834035
6279,0.05682594978288841
6280,0.27826258653026303
6281,0.12789744192285235
6282,0.3583357678577825
6283,0.034720588792060136
6284,0.2841020391011997
6285,0.07030473127159373
6286,0.31080990907789385
6287,0.25408834775224287
6288,-0.2308792035533912
6289,0.0714527807150912
6290,0.24762342629654593
6291,-0.013521193553280852
6292,-0.26932493228091
6293,0.2723309827072177
6294,0.14092167807633488
6295,0.24754132604656892
6296,0.45085905068569065
6297,0.0803861723811089
6298,0.3176337739262709
6299,0.08126673554323427
6300,-0.11332856945775523
6301,0.04151545884168159
6302,-0.17210150424108062
6303,-0.05210188449162219
6304,0.2664254292261694
6305,-0.12652119218625618
6306,0.027397582873771437
6307,0.05287709645042232
6308,0.3086488210945257
6309,0.15264165755459613
6310,0.02897600806622591
6311,0.26464016131144596
6312,0.11485597562791566
6313,-0.07462886146527502
6314,0.2099644416274344
6315,0.253289946875486
6316,0.5631113893772864
6317,0.43328508050967784
6318,-0.16596382469759602
6319,0.0774079248991495
6320,-0.016396093429385472
6321,0.043822982050784096
6322,-0.17389473929489047
6323,-0.16474702973207442
6324,-0.2010286607217771
6325,0.2685105474043524
6326,0.025460322135512733
6327,-0.05781628169020373
6328,0.2252347129397378
6329,0.3479349932215257
6330,0.04849744419514024
6331,-0.311733041094693
6332,-0.2960419203264952
6333,0.3365188956389705
6334,0.17004716340056888
6335,0.6142553694630747
6336,0.2658961297372538
6337,0.2345887157848205
6338,0.4165907247438447
6339,0.281265008649802
6340,0.04785881797739662
6341,0.03064693917576375
6342,0.2190033581817139
6343,0.3357287685862199
6344,0.222202870052768
6345,0.2001320486697442
6346,0.15059570067310113
6347,0.2754532156933539
6348,0.06010976388424245
6349,0.21430394542846914
6350,0.25211227920366164
6351,0.2069189567248399
6352,-0.1135714977984626
6353,0.5378706220388103
6354,0.08573501993601124
6355,0.21556483678277763
6356,0.036477724098568365
6357,0.06463748775806225
6358,0.2778560845203422
6359,0.31018153687508043
6360,-0.31009508696705923
6361,0.625940691575992
6362,0.2755200754323083
6363,0.012163714139953409
6364,0.24623336085060618
6365,0.043506533418547516
6366,-0.2950643838724279
6367,-0.22750707703258466
6368,0.15654545697665606
6369,0.09926174843542382
6370,0.33251293182392827
6371,0.43820898767360994
6372,0.12085506742855792
6373,0.243907453971283
6374,0.14743405449998495
6375,0.4617829588595331
6376,-0.006794429977200672
6377,-0.20286008155298046
6378,0.21789313441253608
6379,0.3930494108133037
6380,0.024487607453590854
6381,-0.05901177021715227
6382,0.4922636596884515
6383,-0.08219309882464332
6384,0.19001726291369536
6385,0.2074147509350528
6386,-0.3775012150614272
6387,0.40203302820334497
6388,0.33323287912104294
6389,0.053079365043904175
6390,0.24209220214501695
6391,0.27576858677729765
6392,0.037180493880634644
6393,0.3252700112551762
6394,0.37894729366048807
6395,-0.08587973203110413
6396,-0.14987330817877645
6397,0.22907922615457876
6398,0.05522284486894277
6399,-0.22210773777585407
6400,0.10955558183799098
6401,0.21014678365723732
6402,0.2518217578211971
6403,0.37328300234433787
6404,-0.06311100967093039
6405,0.16576149760814599
6406,0.3475183416013149
6407,0.42619476103425324
6408,-0.06072362735021691
6409,0.12165279956739164
6410,0.263137273907273
6411,0.010319627458371006
6412,0.21585373919174788
6413,0.030317481206698263
6414,0.1556955565187459
6415,0.4721688780048713
6416,0.6672772183039084
6417,0.060337224747520665
6418,0.6598545525010231
6419,-0.367097080709322
6420,0.04904507839260824
6421,-0.0004676176161452772
6422,0.10824642612638913
6423,0.002807300281883418
6424,-0.1110334409033372
6425,0.15127761967390485
6426,-0.26358508547997583
6427,0.1543036563326391
6428,0.12519114875829812
6429,0.04573869313736045
6430,-0.2609804220930525
6431,0.2805188757158114
6432,-0.023802414192848786
6433,0.4936882336647146
6434,0.1540243433806467
6435,-0.10606944633096976
6436,-0.06081179507231671
6437,0.45770550432825885
6438,0.22576036075230527
6439,0.03936071786749992
6440,0.10468154817169378
6441,0.14547255647089516
6442,0.231581188236127
6443,0.13584097360445752
6444,-0.13465477702790735
6445,0.4202831311040632
6446,-0.17823299179619242
6447,0.1375381378033254
6448,0.2535906589841032
6449,-0.1722443474325271
6450,-0.030368962209887045
6451,0.5937382162602003
6452,0.3956384204828677
6453,0.18216198686661683
6454,-0.15193165336723485
6455,0.22137184469404236
6456,-0.34245993738664104
6457,0.1345999325774926
6458,0.23806446477446908
6459,0.06374546325548525
6460,0.14508647596984242
6461,0.4210977362037287
6462,-0.36599675703546347
6463,-0.013416497908308622
6464,0.1736174650757357
6465,-0.02340999789724968
6466,0.03779455551397365
6467,0.0056610898092037815
6468,-0.09093827043979644
6469,-0.15984965145712693
6470,0.21797081128023282
6471,0.061495428587071965
6472,0.3250740418661362
6473,0.00613334942602245
6474,0.005496362544860606
6475,0.2816589210944329
6476,0.24236801454165047
6477,-0.03232553994148632
6478,0.0916758177366328
6479,0.1386359141645634
6480,-0.05851545815949344
6481,-0.13130909769415228
6482,-0.2324432101708273
6483,-0.025264246200550233
6484,-0.0658681516597922
6485,-0.12112291396130238
6486,-0.17236661084825045
6487,-0.11263454177496507
6488,0.4439239337518927
6489,0.09321769686994943
6490,0.24980097760985553
6491,0.018019301520291242
6492,0.35591324263718593
6493,0.03815201272198998
6494,-0.1736699247391132
6495,0.21968350996329222
6496,0.1742044834221733
6497,0.2282169790712371
6498,-0.13628144905701234
6499,0.4356867122493332
6500,0.5763094665745966
6501,0.21833402766185417
6502,0.34515273074730835
6503,0.06417498113613906
6504,0.37710555479654395
6505,0.3069814324836703
6506,0.22456285411814592
6507,0.1744495395819684
6508,0.41884775404524643
6509,-0.18148079588781485
6510,0.30921614125638064
6511,0.24588543850981737
6512,-0.018803168884390042
6513,0.29062065622408817
6514,0.21726761926330534
6515,0.42304185299394237
6516,0.08150915912575799
6517,-0.004995784011127796
6518,0.4981975953640615
6519,-0.13306251449663906
6520,-0.25512975096364887
6521,-0.08347109483793674
6522,-0.19159018795971666
6523,-0.34971558471969005
6524,0.34400396848063697
6525,0.07656863971655825
6526,0.28386534794947127
6527,0.018843841390006943
6528,0.13531787353627547
6529,0.0820004333558833
6530,0.264351538384072
6531,-0.19705272834867466
6532,0.0460660252413746
6533,0.11606578267786155
6534,0.6049130864635641
6535,0.23173546069205553
6536,-0.3502790075073656
6537,-0.24061810106108686
6538,0.12996619720676172
6539,-0.3509531594066041
6540,-0.029448866632982185
6541,0.25297760508153183
6542,-0.01556884686071433
6543,-0.13202806352330754
6544,0.5248927506602244
6545,0.10267473536252075
6546,-0.2132321439332202
6547,0.008281111975734334
6548,0.17575773851243098
6549,-0.11802784170280946
6550,0.254807640675473
6551,-0.005114463542871914
6552,0.2263054457747576
6553,0.009148664022494382
6554,0.003476939187914495
6555,0.39563272178095665
6556,0.40732451353995985
6557,0.17472944349093905
6558,-0.0836639317922929
6559,0.44830218712232706
6560,0.1879487084617705
6561,0.6502076613842257
6562,0.4990070011279966
6563,0.13968768199207338
6564,0.26082310535413783
6565,0.24378591293000385
6566,-0.22971253144963655
6567,0.22561611143731855
6568,0.08204855366534147
6569,0.19336915344316813
6570,0.48454547391714653
6571,0.023131052264673532
6572,0.6464174481329017
6573,0.25656816957496953
6574,0.09233738008862011
6575,0.15614941957469103
6576,0.33772598825833666
6577,0.1500321180337182
6578,0.03321689593864009
6579,0.6337818368758001
6580,0.054573981040755726
6581,0.24032010094941783
6582,0.15147656415831487
6583,0.07583494358157056
6584,0.08717003677621407
6585,0.24291299004274094
6586,0.26284815849964394
6587,-0.012224071529964742
6588,0.11406849812635539
6589,0.36414033336588025
6590,0.1373808293437947
6591,0.1141405275899107
6592,0.12243429523977137
6593,0.4646472081709288
6594,-0.06278918768416425
6595,0.18514147420497812
6596,0.2170879642315684
6597,0.4232543162984939
6598,0.10839516612909622
6599,0.041676970149887665
6600,-0.2448115586021345
6601,0.43065499936473395
6602,0.16742382431485486
6603,0.3216812105331256
6604,0.11669537603577393
6605,-0.6277480629803979
6606,0.05870918386008156
6607,0.25129279654907477
6608,-0.048957015461572106
6609,0.28667321633294657
6610,-0.10349346728202902
6611,0.3919581287711218
6612,0.09779602245256261
6613,0.33524985689697284
6614,0.2328184107303387
6615,0.28118919924526165
6616,0.42701388303825294
6617,0.3666029244049134
6618,0.35366422239840883
6619,-0.010595191206890231
6620,0.0034828500999088963
6621,-0.05680825930123791
6622,-0.06858002986665801
6623,0.0772589461353834
6624,-0.00503736220484325
6625,-0.251574709244098
6626,0.033360942521591164
6627,0.15905004953980148
6628,0.19106754607804238
6629,-0.02453880149692654
6630,-0.12411888362066015
6631,0.01704318866361687
6632,0.08665800946703614
6633,0.13929117165686322
6634,0.170269948828229
6635,0.10100536559907725
6636,0.06591694194506159
6637,0.29943196031027447
6638,0.19674064827276216
6639,0.12477355103859819
6640,0.4578213261809316
6641,0.3181167998125619
6642,0.0038071371412702337
6643,-0.24735004202084354
6644,0.4388359401217852
6645,0.13787539853191752
6646,0.24199928522368058
6647,-0.1876561164269947
6648,0.4519021736867291
6649,-0.019573461698143065
6650,0.11943516607145249
6651,0.48630851664629543
6652,0.36513050091859
6653,0.2682089792104487
6654,0.36784420326715966
6655,-0.15634338709557455
6656,0.024366623256641434
6657,0.200911967786683
6658,0.2845785050011097
6659,0.38395104158586585
6660,0.27468942743356267
6661,0.10078762312646083
6662,0.2802079513405037
6663,-0.15796870905393434
6664,0.2139050947532935
6665,0.27180339945019905
6666,0.022653411501646903
6667,0.06299458929231466
6668,0.43794563163397404
6669,-0.24766378707351322
6670,-0.3700505592715152
6671,0.3626341001619062
6672,0.06204436867833299
6673,0.07579459134155474
6674,-0.07073883904928444
6675,0.08193698710443245
6676,0.1392314376325493
6677,-0.4744370438440783
6678,0.2945305993251545
6679,-0.13568269069280559
6680,-0.4480911783634069
6681,0.3634743831995476
6682,0.3631513218994975
6683,0.10123097147297852
6684,0.19640841491568173
6685,0.18246780432048268
6686,0.17562150525951192
6687,-0.13897490392383183
6688,-0.3937558904034947
6689,0.19849833356708352
6690,0.054960700518772165
6691,-0.3349064606199986
6692,0.19800365267320516
6693,0.3391899929436554
6694,-0.24265542911057164
6695,-0.5726618592737652
6696,0.0654869380892647
6697,0.021571189911472225
6698,0.20723960578964604
6699,0.41699857485604197
6700,0.10804167127141451
6701,0.23878145220668298
6702,-0.20692579484437862
6703,-0.5026061379460076
6704,0.5928760176877509
6705,-0.025107918208563007
6706,0.014138145604242203
6707,-0.049490461592426205
6708,0.09041458961602165
6709,0.3375938596060417
6710,0.21749424487031677
6711,0.02598228542890607
6712,-0.028865802319243683
6713,0.1349016740650293
6714,-0.39997141533535385
6715,0.33698808216415177
6716,0.4067952387527962
6717,-0.1175024028528315
6718,-0.6520809001815664
6719,0.08494607220749617
6720,0.24820843483893168
6721,0.16870662750114757
6722,0.26034570431285836
6723,0.3133888417067979
6724,0.18290032954862728
6725,0.003180840053302658
6726,0.24176386763628072
6727,0.6656431260545168
6728,0.03460241229911831
6729,-0.0685550959342544
6730,0.13170344541706014
6731,-0.16222439412440126
6732,0.24949353358095194
6733,0.367419800552207
6734,0.37152809126075426
6735,-0.06921031292583843
6736,-0.08734784263690301
6737,0.04207556096888154
6738,0.07368117763303457
6739,0.6592970318678869
6740,0.19726483742030487
6741,0.14127339601817393
6742,0.2800467796727686
6743,0.3090005727923595
6744,-0.036790388893605745
6745,0.19309004991237633
6746,0.2956948346627876
6747,0.3260375434419993
6748,-0.036768947181276435
6749,0.07443478341625936
6750,-0.018575740975164567
6751,0.03740169435411783
6752,-0.13065311209076383
6753,-0.37831730451593365
6754,0.2148247912619905
6755,0.04512389810086781
6756,0.2780420255929458
6757,-0.04918700280035754
6758,-0.2039833052426116
6759,-0.4835929665101577
6760,0.16259165659673416
6761,0.09462690725547024
6762,0.11932765598309292
6763,-0.12872420173221832
6764,0.652266564377125
6765,0.10258304864361853
6766,0.4607318330120094
6767,0.1520046697790663
6768,0.20204002141351138
6769,0.284325749435623
6770,0.3514055652243599
6771,-0.05313256028815888
6772,-0.14770016805363576
6773,0.09934061679829098
6774,-0.09363890751199999
6775,0.1624527863120554
6776,-0.13826073627211177
6777,-0.1743242216663591
6778,0.24000524758428482
6779,0.296903139233869
6780,0.01576312408143049
6781,0.18845473496357407
6782,0.36430933989718756
6783,0.5174824621502987
6784,0.13064863763920287
6785,0.00948283412796691
6786,0.0563189211738534
6787,0.1721851575854179
6788,0.21447859858730675
6789,0.24456176872607327
6790,-0.018998346204161853
6791,0.03350798033781388
6792,0.09377920078195853
6793,-0.5248528954342416
6794,0.2546119203108058
6795,-0.05525374290361068
6796,0.2686535493556794
6797,0.22750832783048397
6798,-0.08229807250943255
6799,0.1831435618977547
6800,0.5827728336647146
6801,-0.04841725250755284
6802,0.2123025815513644
6803,0.27312288800005874
6804,0.018598038242690185
6805,0.3412173917535349
6806,0.5144202212490798
6807,0.06957980912457695
6808,0.09182001554062841
6809,0.12232759260399606
6810,0.22223507534402212
6811,0.3742405680046384
6812,0.06918860622482528
6813,0.29000692656410837
6814,-0.5008253796657517
6815,0.24790435934873298
6816,-0.02776138549340812
6817,0.09742103011072512
6818,0.28463969792957644
6819,0.04574932531250209
6820,0.5778055642330117
6821,-0.16994560077387666
6822,0.3091400399920909
6823,0.1440632045244511
6824,0.052258615820939505
6825,-0.09275377479389946
6826,0.39855239210989857
6827,0.31447553841285114
6828,-0.006022793424554619
6829,0.10784558922455717
6830,-0.04752235641517452
6831,0.1934575046901872
6832,0.19517903494297173
6833,0.11394073884704442
6834,0.13939097462402147
6835,0.18043238513521925
6836,0.532191059122612
6837,0.1466547440679294
6838,0.17492341464269626
6839,0.2144480012002705
6840,0.24452056114277776
6841,-0.18986166162794207
6842,0.5282576691533527
6843,0.2545537906704468
6844,0.19080013161117848
6845,0.2407849897724219
6846,-0.03179398197406423
6847,0.3464792207616958
6848,0.01955164124753659
6849,-0.06602239970293622
6850,-0.18110168173918306
6851,0.4723496205007816
6852,0.10156891373941271
6853,0.019601847372980208
6854,-0.1087078690053313
6855,-0.13457691856095033
6856,0.18638520095989305
6857,0.3807132743615068
6858,0.3583075319929848
6859,0.4441695432353263
6860,-0.011733022579353214
6861,-0.2900163095579942
6862,-0.07952773353823683
6863,0.28459565108218704
6864,0.007549226366859896
6865,0.2119238220886327
6866,0.4811028756455773
6867,-0.12920292124650948
6868,0.032413634001287606
6869,0.38546512965852064
6870,0.25996865076925846
6871,0.13562852042564488
6872,0.02798028420910005
6873,-0.19453827943036625
6874,0.26311485693116576
6875,-0.07371837104427215
6876,0.01435951183196954
6877,0.17221302458576704
6878,0.08846501193489893
6879,0.6220130016352197
6880,0.2962277149833645
6881,0.20105533964007274
6882,0.2293257316320007
6883,0.2554992444320505
6884,0.14971461322599222
6885,-0.22616084541833661
6886,0.1762305359439269
6887,0.1351744824973754
6888,-0.048167963716612694
6889,0.4946930009986143
6890,0.24115838682490767
6891,0.42725923935880494
6892,-0.22894780107615198
6893,0.1420033231794689
6894,-0.06713797074876969
6895,-0.311038622767984
6896,0.19886616766431459
6897,0.41197424629932855
6898,0.2271277657863987
6899,0.552309873758096
6900,0.5307364324344795
6901,0.17978938605975248
6902,0.07172008071428262
6903,0.04342647295490781
6904,-0.06930185417275929
6905,-0.17279336811624157
6906,0.19581465653316366
6907,0.009780804616081537
6908,0.13395771169029763
6909,0.17656202443010427
6910,0.2099056270046469
6911,0.08956552691984963
6912,-0.412226936359111
6913,0.01595036114342252
6914,0.16893899265278312
6915,0.39526058034077416
6916,-0.18147795868949532
6917,-0.5157420775091279
6918,-0.03358808210364472
6919,0.11505787565336212
6920,0.20801218686723974
6921,0.37805411463459515
6922,0.3409430376292305
6923,0.23312853831553143
6924,-0.20735466405928082
6925,0.3214710094400543
6926,0.05713013035831975
6927,0.21744315545511
6928,0.023018604273687522
6929,0.3110834325328732
6930,0.10219015557795488
6931,0.016576478315058596
6932,-0.09241744457785186
6933,0.508645028570695
6934,0.3444154148546378
6935,-0.08514595229080503
6936,-0.19932964410038803
6937,0.14840706639315887
6938,0.31440328245983995
6939,0.230334628011314
6940,0.09523446819668131
6941,0.4322820793312575
6942,0.15766662980726656
6943,0.24435431463700485
6944,-0.15663462310718415
6945,0.5049257385577205
6946,-0.23609023573933863
6947,-0.16099177263135667
6948,0.1721718359519437
6949,0.13294677550626885
6950,0.39700530802413264
6951,0.03560474569765254
6952,-0.17147797788009816
6953,0.365606823567409
6954,0.4086698133250729
6955,0.2895230876854493
6956,0.10738901694194625
6957,0.18874324963184874
6958,0.04929289792596081
6959,-0.02069183263549118
6960,0.046984926977076846
6961,0.4362802653368974
6962,0.02185321992717848
6963,0.027363650389054917
6964,0.08645862177949215
6965,-0.29519687289101065
6966,0.08086723371326138
6967,-0.11394014254243062
6968,-0.06084479418601152
6969,0.02005257383058842
6970,0.1355875506778127
6971,0.21057154676870454
6972,0.3163464600040061
6973,0.390715402441158
6974,0.19990614030258222
6975,0.0014303356040659965
6976,0.3312131804712213
6977,0.35923493266820034
6978,0.4806958161846082
6979,-0.003861330693577414
6980,0.10481116296223797
6981,-0.14419055663066088
6982,0.08880016580028731
6983,0.02646662349648818
6984,0.298388179015348
6985,0.41767638015453434
6986,0.23404756807315813
6987,0.17795270853893547
6988,0.3047185101701723
6989,0.33851237929229167
6990,0.30041082786592493
6991,0.2474824756202781
6992,0.5184026864123484
6993,0.09591810545873003
6994,-0.05437946410094846
6995,0.30951323508917905
6996,0.45126604055883585
6997,-0.07822837558653739
6998,0.376326022256374
6999,-0.01947476079699441
7000,-0.08000566237143714
7001,0.1526717866664298
7002,0.2306158635138918
7003,-0.22962621674686085
7004,0.0539658808909072
7005,-0.0512427071455481
7006,0.2689735864417607
7007,0.0622561251957503
7008,0.4552230498780223
7009,-0.11667084291658991
7010,-0.21377908701946008
7011,0.27692517632714975
7012,0.7103047708984169
7013,0.0813932108988043
7014,-0.0563089302641554
7015,0.30888137702521234
7016,-0.050248678116904255
7017,-0.0008108738222781936
7018,0.29157794087194433
7019,0.2533073985233022
7020,0.15802727892871465
7021,0.37912630214196114
7022,0.48965432490335165
7023,0.11013795249321517
7024,0.2269853718087843
7025,0.32540728592024337
7026,0.20833664684822417
7027,0.6636272400017134
7028,-0.25717731245551567
7029,-0.3344190208865322
7030,0.13259496777681817
7031,0.3507201354924793
7032,0.34745320467011875
7033,0.3871934133243337
7034,0.4558755338048138
7035,0.568656064643923
7036,0.11650996816547526
7037,0.30383373901484034
7038,0.17779307095068503
7039,0.22250186675365
7040,0.14818115219171513
7041,-0.15223429686438383
7042,-0.2141580243286898
7043,-0.35562815865082287
7044,0.18828257956698768
7045,-0.08024249766873309
7046,0.4477191658465342
7047,0.2237456283452666
7048,-0.0592996497901887
7049,0.23339639627343245
7050,0.021676109674260924
7051,0.23803707978293762
7052,-0.4970878219135979
7053,0.26678173033926844
7054,0.029076313349117755
7055,0.12290432115916677
7056,0.17045941257306843
7057,-0.043724375866311005
7058,0.24116161303694278
7059,0.26357201062278823
7060,0.055863556452161234
7061,0.04119189311342947
7062,0.20514641868985617
7063,0.06067281954533557
7064,0.0028142603973814184
7065,0.38152488246444266
7066,0.0034558915412546964
7067,-0.059504792765696174
7068,0.1276471036894108
7069,0.1620464305276893
7070,0.427324396411505
7071,-0.06105683542898713
7072,-0.19900366551129867
7073,0.5565055731367633
7074,0.2076602253816639
7075,0.2430191045516574
7076,0.23512197954921693
7077,0.13920059532240636
7078,0.04155633559836959
7079,0.4421949748914791
7080,0.040249107129266895
7081,0.020923354768753826
7082,-0.1313563957136487
7083,-0.3756144845672097
7084,0.33971003587526566
7085,0.04489324770995645
7086,-0.1480393949588968
7087,-0.29623412334547394
7088,0.2928862009072767
7089,-0.16965904171112073
7090,-0.1586646138751684
7091,0.0994281385273878
7092,0.25451856253926874
7093,-0.3086928575145702
7094,0.012143798857557758
7095,-0.05867224671989168
7096,0.23710612320366986
7097,0.1922553021417745
7098,-0.15964342603950535
7099,-0.06373346721632273
7100,0.35638563090011205
7101,-0.0024967001502487762
7102,-0.14780534353095273
7103,0.17829105315957594
7104,0.20949938037226418
7105,0.131880914442731
7106,0.2837223142632082
7107,-0.23864294714501744
7108,-0.022339695450746103
7109,-0.06275439650758635
7110,0.09454709787792899
7111,0.2943378249465124
7112,0.3422870241512605
7113,0.26385985145684965
7114,0.04017979937596727
7115,0.1621629407260878
7116,0.1218718523530666
7117,0.09930024963272555
7118,-0.14229971745162173
7119,0.4985218049885175
7120,-0.5487404539559605
7121,0.23942995308360632
7122,0.09806767553699823
7123,0.39281903779138905
7124,0.2791880719525066
7125,-0.1753864021295578
7126,0.13271352325704916
7127,-0.3271440242335988
7128,-0.20255359808079584
7129,-0.08414522141802397
7130,0.21364928161806254
7131,0.294614104418523
7132,0.005311132420534104
7133,0.37772844412718143
7134,-0.0742584300294924
7135,0.5348508449422402
7136,0.06364920532693134
7137,0.38355232520110116
7138,0.24391831654585674
7139,0.08352665849185181
7140,0.381814004296946
7141,0.25488827444447115
7142,0.11150262791697563
7143,-0.07833846516931109
7144,0.006360487220069544
7145,-0.36895063399534755
7146,0.40971818540877714
7147,0.09298238249136032
7148,0.4560555758814231
7149,0.1202545155819156
7150,0.13906280410336447
7151,-0.16718744562413176
7152,-0.36595072625637076
7153,0.6148025607922684
7154,0.12498677036852894
7155,0.23973253660024524
7156,0.1863700589927555
7157,0.2434522560894629
7158,-0.02067044057478718
7159,-0.06450543200802089
7160,-0.0952778537559221
7161,0.24757347271109895
7162,0.19930781173915446
7163,0.07862537704810574
7164,-0.013156195988776626
7165,-0.1107666880709419
7166,0.4235210285021403
7167,-0.08602148608421839
7168,0.18140189254715403
7169,-0.07390843460936641
7170,0.2073956294748236
7171,0.2809267269446011
7172,0.31739278867360343
7173,-0.1060966947777145
7174,-0.03958899570660393
7175,0.2659925281836557
7176,0.6114960899746793
7177,0.6478405378649821
7178,-0.23916324728790117
7179,0.5265881512243972
7180,0.31819826949101165
7181,0.3809308551518213
7182,0.2848739024822562
7183,0.3437916086138276
7184,0.2302517573206802
7185,0.15985803067034826
7186,0.2152435446210384
7187,0.20953534897175652
7188,-0.1017912696809189
7189,0.30227798175150766
7190,-0.017757405578558892
7191,0.007224104324877634
7192,0.018211660679038982
7193,0.026630543486792585
7194,0.06164929997448798
7195,0.2733019624093095
7196,0.1473243019426938
7197,0.21146215774478494
7198,0.0687332817749929
7199,0.29305533040416776
7200,0.34920023944822454
7201,0.08899033015250424
7202,0.1452011811215226
7203,-0.09602233557312136
7204,0.14229041247993363
7205,0.40175025717000135
7206,0.2595972838618945
7207,0.0652691495734056
7208,0.2711709786359408
7209,0.002160361613955525
7210,0.44543104416021484
7211,0.022913507445702037
7212,0.25887489781023
7213,-0.04795707554703482
7214,-0.3890454930841384
7215,0.11712064788077862
7216,0.375336912651027
7217,-0.2214528504036265
7218,0.03397737470039788
7219,0.2903553021918086
7220,0.11114901254733978
7221,0.13330737077771948
7222,-0.020610338440295087
7223,0.02475086844845019
7224,-0.31395834054492144
7225,0.16073660150603322
7226,0.19629028824075878
7227,0.27361974149450663
7228,0.1692467434334696
7229,0.30304108993985684
7230,-0.025107899966472072
7231,0.08513887343682576
7232,0.4442918630398515
7233,0.4697807622295126
7234,-0.3408545212313298
7235,0.18065324598482424
7236,0.1249028522386258
7237,0.26221840956742615
7238,0.13135926548974275
7239,0.2613123356759842
7240,0.13573387839565043
7241,0.25444828581730794
7242,-0.249343428398285
7243,0.4017826669194762
7244,-0.23815349490521706
7245,0.028529756194902084
7246,-0.03946271354122205
7247,-0.05514993783519294
7248,-0.020909802029992042
7249,0.18827046311755208
7250,0.06548250967966063
7251,0.12402158387390999
7252,0.16873381091426704
7253,0.33400764955409556
7254,0.06504550067606724
7255,0.21811052619076832
7256,-0.12028166654465644
7257,0.3538034939056326
7258,0.09874906614105015
7259,0.18708688256114692
7260,0.1571380634024592
7261,0.6162630930191357
7262,-0.45841605292628196
7263,0.5560539182955098
7264,0.19576001748856897
7265,0.10109124852817443
7266,0.060795803755743144
7267,0.33749704661429863
7268,0.2705194082237308
7269,-0.4102208417822061
7270,0.15065151470785898
7271,-0.03368191875897697
7272,-0.0703380795178884
7273,0.07119468374763657
7274,0.11525512156054024
7275,0.26690481050197257
7276,-0.3682572837949373
7277,0.1033075137067673
7278,0.24962187577042622
7279,0.2692332207551368
7280,0.18530106026844206
7281,0.4799991359213378
7282,-0.21191021974326252
7283,-0.02894281796134096
7284,0.2889681049202417
7285,-0.13105475918815168
7286,0.19901464165704727
7287,0.2873119654948504
7288,0.008785679770189167
7289,0.33701562979856825
7290,0.30791592238947585
7291,0.29161531280449854
7292,-0.15678454353758275
7293,0.27946347432925583
7294,0.21242513465472934
7295,0.26411535900642163
7296,0.12799578417401436
7297,-0.04959419149111621
7298,0.4598122072969471
7299,0.04574101217387716
7300,0.22466682551475436
7301,0.1491778777637268
7302,0.2415029819203664
7303,0.13637071977195092
7304,0.0818099720874792
7305,-0.07046812417621692
7306,0.11207379785458527
7307,-0.03135566658581593
7308,0.05602727317129272
7309,0.12027540078198704
7310,0.151075928953498
7311,0.06876531443283956
7312,0.5833656008134669
7313,0.5175701356780473
7314,-0.08487650261296399
7315,0.0745337062878417
7316,0.3263515117290687
7317,0.19438210064023026
7318,0.26344993777859455
7319,0.16580765897956562
7320,0.1853059720596285
7321,0.023372094563763046
7322,0.33221714577922745
7323,0.22229810088058924
7324,0.02336541561362948
7325,0.3303627835954567
7326,0.017545171847151195
7327,0.28753688129076094
7328,0.3260200059681083
7329,-0.051248124606431855
7330,0.2330890583648011
7331,0.10941661636263506
7332,0.32394348658663424
7333,0.07815056337341778
7334,-0.006475872126784105
7335,0.37161990417687585
7336,-0.10251110724267584
7337,0.3843341971801716
7338,0.3400726098062258
7339,-0.038531227606707324
7340,0.19937906878644662
7341,0.500971654141444
7342,0.33313303088850527
7343,0.20245269663600177
7344,-0.064813099525206
7345,0.16260583921082394
7346,0.014139009805096914
7347,0.16631904462066133
7348,0.23669750230012573
7349,0.2583189570208657
7350,-0.09657450810264817
7351,0.22048859602676943
7352,0.050492299182648054
7353,0.5303845513989917
7354,-0.15312279940393703
7355,-0.19641787811002265
7356,-0.143576732310924
7357,0.030494226406905856
7358,0.15055222468534699
7359,0.32840327964579547
7360,0.03627709333890494
7361,-0.1831042698238029
7362,0.0944981448968128
7363,0.41701504118773125
7364,0.1159510899173157
7365,0.4425034620667015
7366,0.08586770776102545
7367,0.3056424531672898
7368,-0.023783669825326093
7369,-0.05035334445496814
7370,0.5139868894965649
7371,0.08808249670295201
7372,0.2734367694818085
7373,0.047180914239025706
7374,0.24171361934158675
7375,0.3676820635788401
7376,0.24505587519912175
7377,0.49972841180401645
7378,-0.10258716450171362
7379,0.12342310320053558
7380,-0.060593692332105764
7381,-0.07528693927286995
7382,0.8144932708203182
7383,0.17064485488416986
7384,0.016756325056530103
7385,0.09390179445906179
7386,-0.18041096913868573
7387,0.16424475734712185
7388,0.1512128672608139
7389,0.2696094189453112
7390,-0.2644267421197204
7391,-0.07216822266392478
7392,0.07931490982416599
7393,-0.051001105997163065
7394,0.05750002864562903
7395,0.3998290472429693
7396,-0.01135761631605603
7397,0.1261940050938641
7398,0.22821493334653126
7399,-0.13411043915761903
7400,0.04454873040361368
7401,0.2517347371936003
7402,-0.25448506668214577
7403,-0.05315544651526498
7404,-0.22252561395030196
7405,0.1893529194251341
7406,0.14136819708442305
7407,-0.0856253054944156
7408,0.17960573808035513
7409,0.3071866657692177
7410,-0.024840235657360876
7411,0.2974734551602876
7412,0.34800354806489764
7413,0.6615579777663846
7414,0.2167132582620228
7415,0.3771238766286572
7416,0.26281905363150476
7417,-0.5137220803013636
7418,0.45368058426286734
7419,0.27055067138403
7420,0.36493443246825125
7421,0.030947586707650937
7422,-0.006576452812533551
7423,0.23748955785264386
7424,0.05597276000451032
7425,0.27188434269084044
7426,0.10690076462682715
7427,-0.05811970815720435
7428,0.04278516482254234
7429,0.0026300810254796803
7430,-0.048106074510963034
7431,-0.12386162103984633
7432,0.14362949506917222
7433,0.479051832170611
7434,0.06798081558105831
7435,0.02306300758772381
7436,-0.09815635228144004
7437,0.413055159137854
7438,0.04597157391121204
7439,0.17557633978693563
7440,0.27094609712109496
7441,0.527263525865689
7442,0.13775853928099202
7443,0.27285788475098727
7444,-0.15216902860315795
7445,0.600947098944161
7446,0.1524077397020381
7447,0.08461546583761473
7448,0.35782609256581865
7449,-0.019418216316261172
7450,0.3828766296892023
7451,0.1757908043694507
7452,0.22003121548660176
7453,0.382422269213884
7454,0.05023755931935568
7455,0.020562272869281584
7456,0.18991866982696823
7457,0.2626598832729549
7458,0.0405264307253229
7459,0.1848575855905754
7460,0.3367362864180809
7461,0.1377696684687949
7462,-0.21470504638687263
7463,0.26533517003417767
7464,0.2906488381139133
7465,0.541502210267842
7466,0.3620893425849575
7467,-0.21748923462184439
7468,0.17357235266725446
7469,0.1771147347982271
7470,0.25689225224551504
7471,0.5116158911878202
7472,0.11160301090934266
7473,0.23751947056360606
7474,-0.018046643954707044
7475,-0.14621730722203746
7476,0.16310095252226908
7477,0.17969267898165625
7478,0.3491932972255246
7479,0.2952981589917524
7480,-0.053846767337867515
7481,-0.22729912402518032
7482,0.07838371600442637
7483,0.43053911868243433
7484,0.3088595886314525
7485,-0.25512560938999485
7486,0.49249047806365076
7487,0.19455895320967947
7488,0.30638190249963826
7489,0.15457346570529024
7490,0.5181209008824569
7491,0.5012644423491829
7492,-0.0032834248683930034
7493,0.15280053777627622
7494,-0.14567669548978152
7495,0.3511522145258925
7496,0.452189438798245
7497,0.2893365015565374
7498,0.4297579215750785
7499,0.26244810334656643
7500,0.24823515575804952
7501,0.01500411843113908
7502,0.038855953852621694
7503,-0.06781044645695988
7504,-0.12492576295986763
7505,0.2525698899991714
7506,0.09946040742771102
7507,0.28937656614296225
7508,-0.04288241395783293
7509,0.2322476941622858
7510,-0.12182873850082043
7511,0.2854010357490226
7512,0.16459503926585156
7513,-0.11273677755590533
7514,-0.11275538153375676
7515,0.2638256498985927
7516,-0.05375796172328527
7517,0.20353728060677123
7518,0.2147420657324534
7519,0.08483709251347366
7520,0.001659734994773232
7521,0.061038062330231034
7522,-0.1605525945980784
7523,0.3171336530605161
7524,0.07697976698779291
7525,0.01751079757047106
7526,0.055229065230052776
7527,-0.05440865923456442
7528,0.32241010365597167
7529,-0.2503468012561574
7530,0.012721532360976152
7531,0.5128107076217054
7532,0.17119528455427369
7533,0.1429576014359601
7534,0.16955350612779072
7535,0.2279923258557079
7536,0.3075330990436719
7537,-0.10489669129786594
7538,0.3391007296029114
7539,0.23084701896872134
7540,-0.1931188133409672
7541,0.24048121084841217
7542,0.09277315980342982
7543,-0.3038431968522635
7544,0.4058466534179464
7545,0.1471430994264702
7546,0.2909308483247461
7547,-0.05566498578574672
7548,0.15119326296424784
7549,-0.21771456963245844
7550,-0.1766929192639511
7551,0.3013002115571221
7552,0.30809683999737236
7553,0.15785397229217019
7554,0.051400980588675815
7555,0.3781648325127739
7556,0.05530711171771688
7557,-0.19218437390214915
7558,0.46311046426292946
7559,0.3942948889400274
7560,-0.12719865918260082
7561,0.2721288365975869
7562,0.03289854083635879
7563,0.1896716126251736
7564,0.08357395662801356
7565,0.32167617200595444
7566,0.18384680371235385
7567,0.14024402076746856
7568,0.07311823510848746
7569,0.5072134681138885
7570,0.20322615614219058
7571,0.2665512028052073
7572,-0.16421822324710256
7573,0.2809043165746785
7574,0.07930361758617166
7575,-0.25318856250004806
7576,0.056986917716111765
7577,0.01082460238614058
7578,0.41719930401173067
7579,0.15386661989294537
7580,0.2716468717803345
7581,0.1847399882486791
7582,0.1276884671119471
7583,-0.09453075726396207
7584,-0.11710539421768812
7585,-0.3837936005554555
7586,0.14799928123356548
7587,-0.14782745048481427
7588,-0.2041115715181866
7589,-0.057367870998789816
7590,-0.047625932743287414
7591,0.1879534653283345
7592,0.2852738153115317
7593,-0.08307387167032032
7594,0.10173878666825886
7595,0.298137744556177
7596,0.019474063308589917
7597,0.3531094443709809
7598,0.1299834964566721
7599,0.06529220392219662
7600,-0.30911126776914977
7601,-0.0611216937112788
7602,0.42131940889251207
7603,0.3266660957667805
7604,0.3454502579165809
7605,0.14295466902902257
7606,0.19274254769270313
7607,0.17816566574273288
7608,0.31236728376153844
7609,0.038033844466691225
7610,0.4513740010108203
7611,0.20543300203778672
7612,0.16686217594461517
7613,-0.12892644031117695
7614,0.03837115641940325
7615,0.00703846305533256
7616,0.45967565686510264
7617,0.3156244358672289
7618,0.07851614055453288
7619,0.19501249543660057
7620,-0.04265743275982384
7621,0.18305166904685008
7622,0.19373726149931156
7623,-0.10672935536126807
7624,0.2010009047661857
7625,-0.19721348820862708
7626,0.360192643958483
7627,0.35777202743537956
7628,0.2426226084977369
7629,0.0843149925911244
7630,-0.10819332873736069
7631,0.21329394675849628
7632,0.2607479817793315
7633,0.04073822059685144
7634,0.25627501370172306
7635,0.2780582673384393
7636,0.23882614114505324
7637,0.11193405268681708
7638,-0.001215224660174541
7639,0.08818847494542882
7640,0.17312785818458706
7641,0.43256268436485895
7642,-0.032043069056693074
7643,0.08042896594928367
7644,-0.49986483361714085
7645,0.39505753418908124
7646,0.029513372184171605
7647,0.18586543909061115
7648,-0.056668480490527445
7649,0.12321800021498189
7650,0.015631236552758637
7651,0.06799256139400342
7652,0.09488538882091213
7653,0.11168159202644906
7654,0.2062151623907177
7655,-0.3318151315257375
7656,-0.10154026237795459
7657,0.04080298938520399
7658,0.307699055028854
7659,0.11419511267746196
7660,-0.02508283957092239
7661,-0.19838858703498996
7662,0.3571773517779962
7663,0.248623595835843
7664,0.07761925630408156
7665,0.049036453595117796
7666,-0.0783015387212051
7667,0.15841744290236306
7668,0.3995805665517424
7669,0.30266429187542554
7670,0.11061119258919547
7671,-0.04144356750412102
7672,-0.028423029849475923
7673,0.5881332086813783
7674,0.15704347883117542
7675,-0.10080586678441927
7676,0.15743961415248964
7677,0.09843912100308133
7678,0.01722808143943627
7679,0.06956755792254865
7680,0.3486445175263203
7681,-0.06351781711462501
7682,0.31720007851423226
7683,0.23473477213716554
7684,0.08139052278537107
7685,0.1288952171574818
7686,-0.13428147583330632
7687,0.44609007437210957
7688,0.21462726674896154
7689,0.01804494315271926
7690,0.25057119680259365
7691,0.22327327673000147
7692,-0.13802531918674127
7693,0.057713442697933215
7694,0.4092216951294214
7695,0.3337346203851391
7696,-0.030381278475229673
7697,0.20785634186664528
7698,0.055830028952783065
7699,-0.5160525645407682
7700,-0.2524612026476851
7701,0.10007427848967018
7702,-0.03815012075609685
7703,0.06596746786285362
7704,0.15724059118992642
7705,0.37497100328917454
7706,-0.06150238257133487
7707,-0.2639585410711185
7708,0.11592342841429643
7709,0.23569200678337443
7710,0.1812541098299315
7711,-0.1513511187522436
7712,-0.051063610272532506
7713,-0.03577995295376257
7714,0.0050258331265971845
7715,0.13873239906399482
7716,0.27239500944067135
7717,0.11076890383615479
7718,0.20744169865707401
7719,0.28308473360213826
7720,0.2863535996524577
7721,0.07845167558187603
7722,0.270425503970857
7723,0.2165205246798258
7724,0.0952181947835041
7725,0.3430068468291155
7726,0.37481311261443084
7727,0.24787675815318413
7728,0.1946037930234805
7729,-0.16089582927965324
7730,-0.15886709588730039
7731,-0.052767299978787034
7732,0.07464755295123737
7733,0.5807193676039789
7734,0.34933224742807506
7735,0.1551051926028912
7736,0.1863818975780771
7737,-0.007849957456343148
7738,0.40062874128860465
7739,0.2369710366411918
7740,0.32831608940094625
7741,0.38961844753596636
7742,-0.06991121027605511
7743,-0.12511036326201985
7744,0.30026447399936684
7745,0.0137981142045982
7746,0.05345746863308316
7747,0.2245452374167004
7748,0.015189387180776615
7749,0.027278805082645956
7750,0.023127519391838658
7751,-0.28421366760444833
7752,-0.0036056433190648773
7753,0.3406508801033879
7754,0.11904038224243357
7755,-0.17075276819785826
7756,0.009894420514978509
7757,0.15688220228257635
7758,0.11233080387124558
7759,0.009003746410166977
7760,-0.08208774709538802
7761,0.35586224012220474
7762,0.26419410029639295
7763,0.08399159304065107
7764,0.11738953477146424
7765,0.054162115214162296
7766,0.2792299284793976
7767,-0.32099824088413087
7768,0.21094745722911373
7769,0.22755084026204456
7770,0.03690316475781579
7771,0.09567434818708176
7772,0.15910165009453453
7773,-0.19462042594289203
7774,-0.10551841363931858
7775,0.25845374711478153
7776,0.45717544315538966
7777,0.3979565918916849
7778,0.061639012698514246
7779,0.3879234901757369
7780,0.23960294517782196
7781,-0.14384873286517835
7782,0.34159010147944585
7783,0.09476520036715849
7784,0.27392500629850447
7785,0.22802704434845056
7786,-0.0947727719684503
7787,-0.10681144649261592
7788,0.2528006536201137
7789,0.44980858212514363
7790,0.11180365774028
7791,0.25415993105465395
7792,0.030551427254796884
7793,0.07293237409346337
7794,0.010995762590987612
7795,0.3265076777569696
7796,0.3641082720160943
7797,-0.13561441975397742
7798,0.0947289521412579
7799,-0.07921272740976998
7800,0.00702027440464148
7801,0.4570111825218949
7802,0.19057718011362093
7803,0.6024245719887539
7804,-0.08291191822008476
7805,0.15759335298536037
7806,0.24757696886778213
7807,0.13524087729390316
7808,0.5573192099757971
7809,0.306547313232255
7810,0.10259755789165281
7811,0.19142375999361624
7812,0.016652786345547833
7813,0.15744094222924598
7814,0.45511954394198906
7815,-0.09241402267890447
7816,0.11892971450184255
7817,0.09836886997964078
7818,0.046840866644556556
7819,0.1435826903529409
7820,-0.0051036215360385495
7821,0.18764133396035898
7822,0.17412823895232005
7823,0.04570994177237664
7824,0.3811403893570482
7825,-0.027441652764108537
7826,0.0034616535419352834
7827,0.054823401340300726
7828,-0.21812111018285546
7829,0.34710356144431304
7830,0.4138067300035673
7831,-0.13005123294506077
7832,-0.05411943226290489
7833,0.06466187467353757
7834,0.5089198756256423
7835,-0.035313995876566764
7836,-0.03854623336642393
7837,0.06370768761952067
7838,0.1112806803630467
7839,0.3080690573981578
7840,-0.2803710070928831
7841,-0.04239096723736771
7842,0.5225087535955377
7843,0.22248508560931957
7844,-0.11968137163409703
7845,0.3826997231015568
7846,0.13679463478959697
7847,0.10937425424654235
7848,0.2040187335539025
7849,0.4845426795321374
7850,0.319641990142339
7851,0.06908182681832323
7852,-0.3557686744433617
7853,0.05419258686673456
7854,-0.06801593036656395
7855,-0.34015769055796063
7856,0.5793673292194617
7857,-0.0044501570368992716
7858,-0.008736578280228648
7859,-0.03301401902362354
7860,0.130568568273144
7861,0.0689643782009467
7862,-0.12011448511824033
7863,-0.1328521898698396
7864,0.19507164826705928
7865,-0.0013526101002313707
7866,-0.4165373584302724
7867,0.20473596665063137
7868,-0.4202220815437073
7869,0.20965049945410433
7870,0.33095951676823854
7871,0.05289422701308333
7872,-0.049388853463674776
7873,-0.39839703166604234
7874,0.11649324904803202
7875,0.37211218023755516
7876,0.43242096985349043
7877,0.38284584321998055
7878,0.19970188111838805
7879,0.00493396783256253
7880,-0.17355486062594228
7881,0.09136487208079233
7882,0.5620900694033266
7883,0.2423320786924401
7884,-0.037185743203284424
7885,0.20153985346518072
7886,0.04093030117843688
7887,0.10989664340369076
7888,0.03971221856037643
7889,-0.06925681833103364
7890,0.08488991545003222
7891,0.08438903856419072
7892,0.6616982975557713
7893,0.34615825769437886
7894,0.3538100154522982
7895,0.07541427290911934
7896,-0.1605877785342123
7897,-0.2033579863151796
7898,0.14408193039539507
7899,0.24661783180296903
7900,0.22648545261275574
7901,0.3624472371308376
7902,0.08819578832208802
7903,0.43899245558257344
7904,0.2600659725568731
7905,0.3536761320089534
7906,-0.018672950970626906
7907,0.3918878165350753
7908,-0.05824453773009802
7909,0.29830464038326815
7910,0.554470917285115
7911,0.2649877854817375
7912,0.21087786541781325
7913,-0.38100781114320365
7914,0.534516459138339
7915,0.1305531474210348
7916,0.04271011426271476
7917,0.04943351762959049
7918,0.39555651375530937
7919,0.2738657362587042
7920,-0.3446424276461175
7921,0.30781729295290977
7922,0.29216794756645215
7923,0.16600346990673434
7924,-0.08508250880940722
7925,0.23327820794700077
7926,0.060563971695519275
7927,0.1870069800921319
7928,0.17366189687617628
7929,0.13293075191494774
7930,0.2209047021796735
7931,0.3591093572341027
7932,0.1538277155777364
7933,0.30786045077604957
7934,0.00900872567498176
7935,0.32013191128153407
7936,-0.13706034168058548
7937,0.09806092898832477
7938,-0.3090414351661741
7939,0.5296061656195015
7940,-0.23647951516241933
7941,0.6421381422486838
7942,0.39147046631204796
7943,0.2680613336663952
7944,0.0360323377527082
7945,0.3183808933933574
7946,0.3951805369618768
7947,0.025908509047448375
7948,0.19068371584984312
7949,-0.040661953394450126
7950,0.20133592832099445
7951,0.6788494096720724
7952,-0.33459294389645905
7953,0.23056102753061478
7954,0.5468928815053402
7955,0.30652664361141646
7956,0.3675605062551397
7957,0.0005728456270155391
7958,0.2748252066884936
7959,0.07294679715006316
7960,0.02334940548013542
7961,0.06877421144411953
7962,-0.10444170957161569
7963,0.28749556103404966
7964,0.27765692886935917
7965,0.31077642774982983
7966,-0.10038837676512262
7967,-0.01870582136826393
7968,0.17784910343080695
7969,0.34797072992587386
7970,-0.21911276056844534
7971,0.23707531316247185
7972,-0.040973999010316564
7973,0.2683883784223819
7974,0.015069323282122682
7975,0.05804447560327014
7976,0.3600132836050597
7977,0.5397741132771592
7978,0.02350627606875782
7979,0.5622887715804569
7980,0.34556791389722474
7981,0.06784322815485605
7982,0.4608294735164109
7983,0.03367406191060929
7984,0.41392680331459997
7985,0.38136950762550614
7986,0.03773461808285272
7987,0.2738499079420549
7988,0.1638596790359989
7989,-0.0280831365910299
7990,0.056532060708978114
7991,-0.05980338040597166
7992,0.37710913133166823
7993,0.36407985042842805
7994,0.19570403400671568
7995,0.29722853807419525
7996,0.5116473826321857
7997,-0.12646935144663085
7998,0.2789773840631966
7999,0.08852520319747867
8000,0.20560277693686357
8001,0.05942733961237806
8002,0.2977153049019358
8003,0.18609304818071726
8004,0.33098463764875974
8005,0.2756169855429896
8006,-0.02959927354707262
8007,-0.12111117221852946
8008,-0.023207845741384847
8009,0.1736181276612645
8010,0.05390603519609213
8011,0.1590618823763694
8012,-0.07510154302506983
8013,-0.13533484423855302
8014,-0.10651028016982798
8015,0.08606332338181566
8016,0.43224274937010737
8017,0.1360516782369771
8018,-0.26404085626097323
8019,0.19466654247719642
8020,0.1736280122439033
8021,0.3115462707365664
8022,0.08313125151174428
8023,0.4280847747653035
8024,-0.20853700611572393
8025,-0.08523144746972841
8026,0.2893336724652213
8027,0.09421978253606599
8028,0.3296268495660179
8029,0.03929571747378152
8030,0.3680812851173928
8031,0.16196697852528044
8032,-0.3899627851500957
8033,-0.10479256652108243
8034,0.32450160695703173
8035,0.05799114143336953
8036,0.140238235606503
8037,-0.12203703619704398
8038,-0.24358208054591374
8039,0.5029318951312218
8040,0.15298711185981895
8041,0.1396271742037845
8042,0.16616399605122695
8043,0.20731758094796035
8044,0.14879772799375401
8045,-0.19419379124386105
8046,-0.07603432702271468
8047,-0.06245743849729818
8048,0.14515558699834386
8049,0.2047786705789351
8050,-0.09374942492891797
8051,0.04724869272133529
8052,0.2047585379199703
8053,0.13343442693638613
8054,-0.23873030538090778
8055,-0.14346980639741874
8056,0.43250487667996224
8057,0.46485109935475805
8058,0.12101333951574256
8059,0.3912486828602839
8060,0.3198252286049345
8061,0.10210411841666683
8062,0.4637943400127812
8063,0.53875053675689
8064,-0.1174833694292717
8065,0.25022546199377455
8066,0.09782711690302667
8067,0.35739162167373445
8068,-0.06038040609298005
8069,0.3752420608410712
8070,-0.03592906380629361
8071,-0.05977948762498969
8072,-0.06571179022672108
8073,0.09903513263243945
8074,-0.05229972988054475
8075,0.1812974292965539
8076,0.19109564009154378
8077,0.383931683098683
8078,0.40731458117283126
8079,0.22628802950346247
8080,-0.10172789160219153
8081,0.0061105137797279885
8082,0.16275103619875153
8083,-0.07124212636734256
8084,0.25232536371819037
8085,0.339999398712341
8086,0.28122638896834207
8087,-0.2754282281249146
8088,-0.27234643966310823
8089,0.12233617018163134
8090,0.3770566432838913
8091,-0.6046646438259986
8092,-0.0712495696553873
8093,-0.047159549994638894
8094,0.030179594665155213
8095,0.004300143149967961
8096,-0.02305929217201512
8097,0.39641712448933386
8098,0.36080381991480537
8099,0.6535107635870177
8100,0.4754395153713947
8101,0.26382377796617135
8102,-0.23732151366679194
8103,-0.029304154422814463
8104,0.34004225146832706
8105,0.46703187243353617
8106,-0.2599205034318643
8107,0.06603203700468777
8108,0.4375479197658695
8109,-0.13763707297335712
8110,0.2349312343301087
8111,-0.16723461271245904
8112,0.08379888370208949
8113,0.40957832116158166
8114,-0.1519478235513165
8115,0.1363420600268401
8116,0.08338065079584454
8117,0.0741984969390207
8118,0.12706589777906074
8119,0.24871694071241207
8120,0.0046989707361559385
8121,-0.14802501394710438
8122,0.3234728424650533
8123,0.044016604636710324
8124,0.08428367653464927
8125,0.022029237967276516
8126,0.2338506958592384
8127,0.24345273087866307
8128,0.08237674342113319
8129,0.2961701345214246
8130,0.049776268381669084
8131,-0.16568819462862525
8132,-0.060648502730158704
8133,0.3577639661971683
8134,-0.22066010071855713
8135,0.46042145227943193
8136,0.3700023836766648
8137,0.09799922486840268
8138,-0.293804901756226
8139,0.021240387683279863
8140,-0.08286746819710378
8141,0.10565905051099378
8142,0.03784797426428066
8143,0.24658507240692815
8144,0.5539027692927582
8145,0.229837606790521
8146,0.4126438318878829
8147,0.26563854616363347
8148,-0.2426025359598044
8149,-0.17937669879721047
8150,0.21542436008514598
8151,-0.244047342816965
8152,0.3382487476253433
8153,0.19055431466317957
8154,-0.24097776681894756
8155,0.3300112210056815
8156,-0.07793059820188153
8157,0.2711275417469897
8158,-0.11257882004247693
8159,0.27741990907086267
8160,0.1130049348993199
8161,0.14501515010396765
8162,0.40847030913658927
8163,-0.13209214767379493
8164,0.04553530124079354
8165,-0.2125884022492659
8166,0.1564910824855505
8167,0.021697021866247168
8168,-0.1252659847215072
8169,0.21520801386044053
8170,0.3873753374423737
8171,0.510124631648589
8172,-0.03341018734697024
8173,0.07165237033489248
8174,0.46298297859701343
8175,0.35037453787738176
8176,0.20490488920826344
8177,0.3028602808178579
8178,0.19403511613818097
8179,0.233851017930765
8180,-0.09834652216205414
8181,0.3014834681598215
8182,0.15166881824220158
8183,0.3562203277856706
8184,0.22921851374017332
8185,0.3569821304771853
8186,0.29024573076050764
8187,0.15735157577018832
8188,-0.34249308873859385
8189,0.31499297321640507
8190,0.18504103695377694
8191,0.318793555588955
8192,0.010440843773179775
8193,0.42327350103758465
8194,-0.17406173247360962
8195,0.22658596970663697
8196,0.1601965141000926
8197,0.11585485983611934
8198,0.13118527378468858
8199,0.2941162224346775
8200,-0.058910917675805474
8201,0.0646790040497387
8202,0.44005918374824077
8203,0.2086752346380721
8204,0.07698470118097167
8205,0.03824062956564926
8206,0.2619755322830223
8207,0.07398843789791978
8208,0.3364448779307041
8209,0.23902191130794714
8210,0.056294607026258436
8211,0.2355179587706666
8212,-0.4060133603523719
8213,0.46513181707703777
8214,0.5423703096910331
8215,0.03535855969638052
8216,0.1162964293710379
8217,0.388551435606428
8218,0.2108454441295798
8219,0.17381869980576845
8220,0.312003582782015
8221,0.40428728724742824
8222,0.29813787787572615
8223,0.277015560479929
8224,0.22234113930361643
8225,0.12509526483674133
8226,0.011426271875469768
8227,-0.19632503220777936
8228,0.025290713563760447
8229,0.06319058652098569
8230,0.2630992682078967
8231,-0.4221385469208147
8232,0.12373215703549545
8233,-0.21548411342890345
8234,0.09300748278332072
8235,0.23337957188284605
8236,-0.3013339109993902
8237,0.15393489628174187
8238,-0.0864107975679825
8239,-0.018352570786308253
8240,0.19618815901530906
8241,0.06348504241300157
8242,-0.31530811527989666
8243,-0.007929249756223666
8244,0.10960990488018998
8245,-0.47005740667227147
8246,0.07119800002307441
8247,0.5340172902880145
8248,0.48638261883570855
8249,0.11624326367408322
8250,0.39831773276485016
8251,0.1397680172031731
8252,0.7446783980265909
8253,0.229134003706259
8254,0.02378632082274007
8255,0.3087215051000317
8256,0.7362020866238996
8257,0.14225980041183767
8258,0.20870234239590713
8259,-0.06665182786623555
8260,0.38588010128504757
8261,0.2323133735065125
8262,-0.39238927533074336
8263,0.47491948865171746
8264,-0.009975265038601508
8265,0.09783726840011608
8266,0.6876680511249551
8267,0.2621727200010998
8268,0.2628913686731484
8269,0.2739085702717002
8270,-0.06004793880231252
8271,0.26863518799501535
8272,-0.05810954335718094
8273,0.43781609056018533
8274,0.08171381978705229
8275,0.19831767362135824
8276,0.31348289334407453
8277,0.23722271909855613
8278,0.42176384096146463
8279,0.15618484300711638
8280,0.29271891929706156
8281,-0.03651142681124109
8282,-0.10754044145235844
8283,0.1590868366214149
8284,0.3781549550114992
8285,-0.3057178745326947
8286,0.1456273228903564
8287,0.054636169327194284
8288,0.012742390696736106
8289,-0.006419337771111533
8290,0.1557565368675361
8291,-0.2259866341571675
8292,0.3821977733668138
8293,0.03666515947073104
8294,0.2792958805954978
8295,0.23703156474181394
8296,-0.11737626749363783
8297,0.10660876737869256
8298,0.2555800366566022
8299,-0.09989942911608947
8300,0.24893712856694122
8301,-0.08828577864864576
8302,0.24174614005235412
8303,0.15478028790366877
8304,0.19828368506273372
8305,0.31191649315866343
8306,-0.42833474070169275
8307,0.06713599270770094
8308,0.5030822612685819
8309,0.1514425364277886
8310,0.17361216496773493
8311,0.09406397500274015
8312,0.09810881637037719
8313,0.4535747419956466
8314,0.13784270472139282
8315,0.0012157332155706135
8316,0.2972734724135849
8317,0.06931542738886054
8318,0.1783764585838109
8319,0.060168399763425695
8320,-0.16319921979568172
8321,-0.12283122213582645
8322,-0.011761039514447458
8323,0.09457471429798264
8324,0.3749883049039936
8325,0.015595705427494416
8326,0.25989147505934257
8327,0.2721794906249551
8328,0.34614030344931346
8329,0.0855964624500509
8330,-0.01937034310361982
8331,-0.12920178563650186
8332,-0.09197444191983473
8333,0.13652745659366589
8334,-0.14455218061150915
8335,0.2557603952939778
8336,0.19200874559767472
8337,-0.03368997511689286
8338,-0.047222629223914264
8339,-0.025077083342558523
8340,0.12781033768646455
8341,0.16113807841149008
8342,0.27628117087826504
8343,0.09791535228938586
8344,-0.19044236550895072
8345,0.28369082661731276
8346,0.44981634975039536
8347,0.021102911214844908
8348,0.25077589128972216
8349,-0.0515772998063972
8350,-0.10236857072426697
8351,0.017824379147520858
8352,0.12016089060857106
8353,0.42028577271137574
8354,0.33889387759983036
8355,-0.05010858398877288
8356,0.15072214241182455
8357,0.3121349427601199
8358,-0.30145979860269506
8359,-0.1397998593649758
8360,0.046524702553169275
8361,0.11083919752454162
8362,0.4163728430045322
8363,0.21299848052096138
8364,0.07382947256805394
8365,0.349086322997606
8366,-0.0025005851583001087
8367,-0.16170533086488337
8368,0.2534782550462337
8369,0.16368014008621956
8370,0.14178061340157389
8371,0.04122643633503312
8372,0.09124803825678601
8373,-0.209786000873957
8374,0.29347979223139226
8375,-0.06568216183464726
8376,0.09326008241414552
8377,-0.05647822675536934
8378,-0.03646485149398038
8379,0.1542210570171998
8380,-0.2213121303073583
8381,-0.12414649816609091
8382,0.3793278780885485
8383,-0.01483907533676132
8384,-0.4068645500608189
8385,0.21179325148722644
8386,-0.001254132455440704
8387,0.3202268692319069
8388,-0.004276289491829788
8389,0.07648958335877978
8390,0.10195908417195867
8391,0.12314818325335398
8392,-0.2646634433385029
8393,0.21818878104849496
8394,0.34707828468915947
8395,-0.01424260047086625
8396,-0.0465959896782942
8397,0.13510384903262024
8398,-0.5093154396293853
8399,-0.2721484732170846
8400,0.1443428345432845
8401,0.31167601274706036
8402,0.055248587485761974
8403,0.19660157532130845
8404,-0.09536864413206153
8405,-0.1873644112358045
8406,0.311930599476594
8407,0.09294637313920305
8408,0.18550769939808193
8409,0.2714231584386912
8410,0.17550257012392761
8411,0.2387747797507786
8412,0.13776878868424508
8413,0.4910563526122915
8414,0.3292760884249865
8415,0.20604030211161212
8416,0.15285643750036498
8417,-0.04719245177091373
8418,0.4314351750219218
8419,-0.0007942184262434565
8420,-0.13509124287630012
8421,0.1743719303806672
8422,0.41039068565602044
8423,0.031278110945137605
8424,0.12852943368026126
8425,0.20033715255641704
8426,0.12327642784318268
8427,0.20897041014948506
8428,0.14490969560418576
8429,-0.5032845842447143
8430,0.323984173944454
8431,0.1283520728847125
8432,0.2278430789700645
8433,0.27918322755437597
8434,-0.4193236364559871
8435,0.002634512339766748
8436,0.06484776995470232
8437,0.15183032668887775
8438,0.311672507795428
8439,0.37601379430133014
8440,0.35087101500537876
8441,0.27394172629862856
8442,0.3293268310344149
8443,0.3986421324183749
8444,0.6354726145363687
8445,-0.04093132687607287
8446,0.10872013618028609
8447,-0.12507427982504238
8448,-0.12289744213752479
8449,0.31205233957533307
8450,0.19042486542109757
8451,-0.020817223204906553
8452,0.11524370214836421
8453,0.5336900414956843
8454,0.2555473649121258
8455,0.35106409415973755
8456,0.49197575556407586
8457,-0.21284451798155457
8458,0.059603703877755376
8459,0.26158267629101295
8460,0.1944955998697177
8461,-0.14334124753522526
8462,0.1770364546810803
8463,0.020256612011560843
8464,0.21602993524659983
8465,0.2927631299220116
8466,0.013090888510361276
8467,0.607173330339636
8468,-0.0715140637779781
8469,0.07521087038365018
8470,0.6437721556602551
8471,0.22137491143487714
8472,0.10431284783066197
8473,0.41344168871049214
8474,0.16814736294922625
8475,0.3801563020598999
8476,0.11542575918222078
8477,0.0817127143094305
8478,0.14058909125492208
8479,0.2580431678356404
8480,-0.018851036867635798
8481,0.36827613996722225
8482,-0.27716434075176144
8483,0.31847434116565143
8484,0.3092473273117464
8485,-0.08469956689051422
8486,0.12153777365384416
8487,0.39137513863713436
8488,-0.2129036658164712
8489,-0.37069849713114433
8490,0.1693302477629966
8491,-0.05459845984679079
8492,-0.19252237263399943
8493,0.05936268458140187
8494,0.13201968978294784
8495,0.07593488033901008
8496,0.21202505399233096
8497,0.0871520460642431
8498,-0.13433519586900003
8499,-0.06622831746159996
8500,-0.3257627291391651
8501,0.3612143716898284
8502,0.13699691860455696
8503,0.43518968817961945
8504,0.20896657853713468
8505,0.36576590400534675
8506,0.34488572389906874
8507,-0.16117656567068273
8508,0.04904161959986887
8509,0.07204224929495656
8510,-0.0004980459815135119
8511,0.4077473319823197
8512,0.32722650427494904
8513,0.5663132073898547
8514,0.07724093408277696
8515,-0.028179132972081217
8516,0.3450332105209672
8517,-0.025994231765328904
8518,0.07722583739650371
8519,0.11388033784895818
8520,0.07171513306283833
8521,0.22864875573864515
8522,0.02771590581024158
8523,0.1002217949311849
8524,0.2399916984569912
8525,0.5384994413741968
8526,0.15909773493686602
8527,0.40659753851145786
8528,0.2346844016619754
8529,0.21347267629858674
8530,0.4359873683344945
8531,0.3928728332821804
8532,0.22701693334872347
8533,0.41560843185706586
8534,-0.2291533053413486
8535,0.0182393851757624
8536,-0.4401216562236747
8537,0.3239737346788819
8538,0.2740472701406908
8539,-0.026725111781110863
8540,0.037805184822320384
8541,0.07404790872991251
8542,0.40813492956264563
8543,-0.11497271144668036
8544,-0.03141156388088617
8545,0.6585850793956881
8546,0.26453103626358887
8547,-0.12554399795742294
8548,0.37160604066387687
8549,0.25887493234469583
8550,0.6386300379898067
8551,-0.020123104375202927
8552,0.01448003730125541
8553,0.07761240686945321
8554,0.4957008353534056
8555,0.3036325523186048
8556,0.36607402874330175
8557,0.16650160559212995
8558,0.36477855255949254
8559,0.0912177906851353
8560,0.20003040135387729
8561,0.3417832499156995
8562,0.06891191222656282
8563,-0.057687698778105506
8564,-0.010798407155733492
8565,0.26456492636792994
8566,-0.10549250296841191
8567,0.012721335688833768
8568,0.2139617913921767
8569,-0.1551632023594587
8570,0.0779414742070091
8571,0.2518420476051695
8572,0.03095579790123365
8573,-0.13578289786906228
8574,0.0883981714251667
8575,0.3444677248577791
8576,-0.19746331166538655
8577,0.12464901342519868
8578,0.19607507247206324
8579,0.0279137796924675
8580,0.05045463231290629
8581,-0.17666806268420032
8582,0.25096170774460846
8583,0.3362301969516357
8584,0.08048070064981194
8585,0.19086914430245278
8586,0.3191432647833371
8587,0.23459639770688404
8588,0.2809768073220151
8589,0.1121360899965522
8590,0.17292630573395096
8591,0.1527316124225557
8592,-0.13806619906896275
8593,0.3252849066738412
8594,0.5845144009148965
8595,0.13549078787582503
8596,-0.014804585864810205
8597,0.16476792888605335
8598,0.31717711906207113
8599,0.08716905433365335
8600,0.14327996295410106
8601,0.402968644997392
8602,-0.12926826131264985
8603,0.4026997358332676
8604,0.21406312461265475
8605,0.17660926035460806
8606,0.4392734949929777
8607,0.13307316069216005
8608,0.2888503237278674
8609,0.14640409026759854
8610,0.12003145968992684
8611,-0.2207982303631164
8612,-0.370126053278309
8613,0.1962625987285766
8614,0.019625470272260873
8615,0.17605574751295444
8616,0.00556104929889889
8617,0.14018244006347855
8618,0.03431261404928182
8619,0.012999885148759077
8620,-0.11075913395182002
8621,0.07759796303177063
8622,0.3751059644491421
8623,0.3441555093974788
8624,0.062239142743437115
8625,0.17805747315890982
8626,0.1299273701184156
8627,-0.37617324726327894
8628,0.10295842140090498
8629,0.2060489420282412
8630,-0.20193000026739027
8631,-0.46419520748738674
8632,-0.16575362122743753
8633,-0.03704573543796852
8634,0.17325335183668064
8635,0.18492741883619393
8636,0.0484962689325045
8637,0.12736655380825918
8638,-0.07490843080184442
8639,0.17736976369197774
8640,0.36933864725270604
8641,0.4456381753894157
8642,0.011759658092030945
8643,0.3480706702398864
8644,0.26330560082604837
8645,0.588312543194732
8646,0.10346560448089959
8647,-0.13909788162762682
8648,-0.3717840283702759
8649,-0.18732609648673954
8650,-0.3356120529010615
8651,0.3162044123938732
8652,0.01702973277013206
8653,0.17582981525941543
8654,0.1244035755176629
8655,-0.17918764138917853
8656,0.10754922653600285
8657,0.5656203912508674
8658,-0.27250391789169004
8659,0.2201796800632286
8660,0.07029472793928049
8661,-0.3655215644360549
8662,0.05335818839151357
8663,0.1332490509478683
8664,0.023332767195305804
8665,0.2746674321509521
8666,0.14857629687063525
8667,0.17341729929928656
8668,0.3183409802388314
8669,0.19489661794631896
8670,0.19593050779146423
8671,0.443411203160232
8672,0.21694578428655406
8673,0.16538166032107937
8674,0.23990721772912885
8675,0.4954997932577417
8676,0.24105503786992521
8677,-0.031046076170270553
8678,0.19532166520997046
8679,0.29774189876158214
8680,0.1618244010509095
8681,-0.1453754898359103
8682,-0.10759130414572077
8683,0.2889358386231898
8684,0.22167115410909533
8685,0.402502283615833
8686,0.0784036697840731
8687,-0.32116517869029504
8688,-0.16889902786803918
8689,-0.023218466849503516
8690,0.16643765789096837
8691,-0.17017782425775096
8692,0.3736429777678104
8693,0.14666590070361185
8694,-0.10481069476276933
8695,0.3488424353801276
8696,0.2093057664812113
8697,0.24462915642684951
8698,0.049738410278330314
8699,0.19837151394947405
8700,-0.12781343371380027
8701,0.0827004053405202
8702,0.0372521056142636
8703,-0.053721431450107104
8704,-0.012407836212561245
8705,0.12107814923301993
8706,0.22701841416058594
8707,0.15035883573766667
8708,-0.07495777518456387
8709,0.28016854007421377
8710,0.2635892971779276
8711,0.43620944063449896
8712,0.06507449813989988
8713,-0.0882829485868455
8714,0.25627844889933626
8715,0.05072373762456639
8716,-0.047976088552628415
8717,-0.25136703240453845
8718,-0.41610918498642563
8719,0.4338745891625265
8720,0.21206388378662555
8721,0.1198693207809447
8722,-0.10971505091949924
8723,-0.0428179489628925
8724,0.23577836868469698
8725,0.2713403382718447
8726,0.22784319794157426
8727,0.2776301419235627
8728,-0.22930332230082068
8729,0.36585418077354964
8730,0.2093765625027786
8731,0.1886834605626722
8732,-0.33504448524618985
8733,0.29341819063860014
8734,-0.03060193119250057
8735,0.32554336270663586
8736,0.04618641866606368
8737,-0.017716158096199752
8738,-0.11848081694279677
8739,-0.10834950647617497
8740,0.18156000826254187
8741,0.15127890188480048
8742,-0.24600154127365736
8743,0.10905979481842148
8744,-0.1907036063719885
8745,0.17804557015735603
8746,0.07089082114910569
8747,0.1826923122928218
8748,0.2583125589676628
8749,-0.3500023091327084
8750,-0.01885296494989265
8751,-0.051822377518075696
8752,0.3220566731763519
8753,0.19909257285403914
8754,-0.04809414338707391
8755,0.3948693354302156
8756,-0.07457146388864277
8757,0.13698268866026425
8758,-0.0803584260041362
8759,0.02639621926032562
8760,0.38240847862903565
8761,-0.0568502355704779
8762,0.5402190901187486
8763,0.47327873598824666
8764,0.04163018201546462
8765,0.5106382965092167
8766,0.31260063561869245
8767,0.2633687502414346
8768,0.10251702933547846
8769,-0.054335909297212666
8770,0.294175011534084
8771,-0.23728992073714464
8772,-0.15918071612051693
8773,0.25111766429733245
8774,0.24799062132943464
8775,0.11012106851892312
8776,0.31703825773618155
8777,0.13777224935459387
8778,0.3585765095350109
8779,0.09588649394657422
8780,0.19630346856732353
8781,-0.08701308701204619
8782,0.16864224893387475
8783,-0.006800426820150779
8784,0.02429985082283259
8785,-0.3297859567679118
8786,0.3012139085250297
8787,0.22308069053699725
8788,0.07908144464791578
8789,0.3358532834790787
8790,-0.0805741984362445
8791,-0.03657296487303844
8792,0.034506391640599404
8793,0.34077622187194967
8794,0.5933725193692163
8795,-0.2213440388318761
8796,0.3535060627691303
8797,0.21328404590159486
8798,0.17851555671578456
8799,0.19695491335200746
8800,0.011969214935045554
8801,0.004385200967036998
8802,0.2749703821317111
8803,0.10404638925715828
8804,0.2005758984861164
8805,0.23929702977985567
8806,-0.32243669533615665
8807,0.3229621877004786
8808,0.09255546093496124
8809,0.09365465715411625
8810,0.07470266789434901
8811,0.3226880240884187
8812,0.21895068330936063
8813,-0.11647828720710546
8814,0.19466248499639371
8815,0.1777568515902584
8816,0.11339804638488198
8817,-0.26822297166374803
8818,0.22674785728040028
8819,0.22106191524552934
8820,-0.16274262572681503
8821,0.10106771633137028
8822,0.20571223270453137
8823,-0.2442715288608397
8824,0.06144430538335566
8825,0.5335239390636946
8826,0.3326698975806518
8827,0.1732334938184286
8828,0.37701521627060813
8829,0.23925369604894556
8830,-0.12997901783764026
8831,0.16813553731947178
8832,0.26985866292348193
8833,0.447539099810197
8834,-0.009619006847346373
8835,0.1136976321163262
8836,0.15172863906012907
8837,0.4989955538681874
8838,0.3242982493939503
8839,-0.16041849996034607
8840,0.2592240352074367
8841,0.39580264698850187
8842,0.05344797468008981
8843,-0.15868270530716527
8844,-0.08941565485986258
8845,0.25627332123156094
8846,0.3433169978521552
8847,-0.22466537098860304
8848,0.09824438243079292
8849,0.330507890336982
8850,0.17831158050816145
8851,-0.10612268051730858
8852,0.10097717497885043
8853,0.41869619284645826
8854,0.2872295427004416
8855,0.1850468960468573
8856,0.39865912389938807
8857,0.13355799781624395
8858,0.2809044391685663
8859,0.31706396669993836
8860,0.2973662862371791
8861,-0.02674526201378946
8862,0.10705946952151957
8863,0.1422149757668146
8864,0.2652588804355196
8865,0.03616180149291333
8866,0.25795498295846575
8867,0.20808627570055813
8868,0.3348950275888558
8869,0.08880683911612042
8870,0.018678607257792024
8871,0.09180253272708916
8872,-0.13979367818373362
8873,-0.07552503939973115
8874,0.09903570719750177
8875,0.3243502930031965
8876,0.31520446323993134
8877,-0.0043965807852081595
8878,0.041695537273316735
8879,0.2090159066196541
8880,0.14010036145932564
8881,0.427967318866853
8882,0.34491293280553026
8883,0.019549574063364272
8884,0.22294596972758515
8885,0.02991163540173855
8886,0.0538059919525965
8887,0.28441429351117503
8888,0.5615185202539738
8889,0.2855519827437484
8890,0.20994101368162188
8891,-0.08483013112442045
8892,0.21097431667991665
8893,0.3365562837026368
8894,-0.1033461142163295
8895,0.44803642366172125
8896,-0.007786969598144525
8897,0.2403361424519011
8898,0.26818584705944176
8899,0.4123721082376972
8900,0.13134627337924001
8901,0.31382777417465035
8902,0.15999392874004573
8903,-0.012805830086374925
8904,0.2963012668373721
8905,0.22141768235534962
8906,0.500397367377849
8907,0.2475635766599893
8908,0.18695546077814915
8909,0.005547615980061704
8910,0.2653035927888161
8911,0.1028187030946871
8912,-0.026264035265591956
8913,0.3375352971385447
8914,-0.23883497552382085
8915,0.3141125225347211
8916,-0.016762851907589416
8917,-0.1674109383277946
8918,0.23279718599488303
8919,0.5615765044352771
8920,-0.0006288707766606838
8921,0.2517647173607812
8922,0.11028990980145018
8923,0.11289104992275947
8924,-0.10717442400040281
8925,-0.03148932285449171
8926,0.2685572004292222
8927,-0.11271166637558692
8928,-0.0568174926596062
8929,0.16238671496748497
8930,0.21244750506902177
8931,-0.1363361857242115
8932,0.22234769085319225
8933,-0.2608259522816411
8934,0.45163638564118247
8935,0.029439775446580885
8936,0.6166978776397299
8937,-0.13161486333274847
8938,0.10227815129190276
8939,-0.03191599392418663
8940,0.0909452579702133
8941,0.47632788775241724
8942,-0.11360049837681552
8943,0.05093619137285643
8944,0.7665789620193274
8945,-0.00010107828944011521
8946,0.052962974328990164
8947,0.14007410961255506
8948,0.2874367294302749
8949,0.1258850262133687
8950,0.04978662861945635
8951,-0.060934346438652004
8952,0.31506498874339944
8953,0.06008868828763092
8954,0.06079699933722643
8955,0.28215414864020966
8956,-0.38593364071683545
8957,-0.07328215670523497
8958,-0.00895880809191879
8959,0.3612905593240038
8960,0.07828192048954452
8961,0.12835496529413848
8962,-0.26240896574607997
8963,0.20521602551549914
8964,-0.03323036583819461
8965,-0.07552890742120458
8966,0.2495202857423927
8967,-0.04158841437579461
8968,0.030334393121651315
8969,-0.1858032843574933
8970,0.27570415603042664
8971,-0.06588767275335766
8972,0.28754979480603093
8973,-0.13276394890674392
8974,0.15380425428024147
8975,-0.12391246666025843
8976,-0.10348686287878159
8977,0.07470962942342868
8978,-0.048739899549821275
8979,0.05530148670691282
8980,0.046746742624515614
8981,0.019552082616172015
8982,-0.11986005569042435
8983,-0.028164866921960685
8984,0.24388059573040105
8985,0.42641925155980187
8986,0.09198100706257817
8987,0.27410475043606286
8988,0.09992872491378316
8989,-0.11561846421441856
8990,-0.12272281269303556
8991,-0.16018945964931466
8992,-0.16038237540663203
8993,0.12578075849093956
8994,-0.2067922574804119
8995,0.0275658730113984
8996,0.27298106708602243
8997,-0.14388113943000944
8998,-0.2581958252130006
8999,0.1374665592121864
9000,-0.020672814230610292
9001,0.4360868229251486
9002,0.1951151832989521
9003,-0.11938857949845533
9004,0.006086261391791081
9005,-0.12258404092185013
9006,0.18024492177685664
9007,0.3209946964416633
9008,0.22908146148691702
9009,0.0779048851726333
9010,0.0009309403279324779
9011,-0.03960044495989301
9012,-0.05349431941676139
9013,0.24814148118623944
9014,-0.5129463474520627
9015,-0.14807465790577454
9016,0.07663866824951807
9017,0.2545301225938249
9018,0.10251147571790428
9019,0.09734242962168665
9020,0.37149647753915244
9021,-0.1353474711636518
9022,-0.07069343716241211
9023,0.4394349496545786
9024,0.24755886547990158
9025,0.313866745681609
9026,0.015549670537669313
9027,0.24355422467428262
9028,0.25553402560220134
9029,0.482026296809574
9030,0.41981708145855007
9031,0.004578231626848117
9032,0.18302020814995662
9033,0.030147941250625032
9034,0.35479161043482704
9035,-0.2261417609837103
9036,0.19337899821415475
9037,0.4492172656126399
9038,0.09062419226051743
9039,0.22576360306594762
9040,-0.1698554840938071
9041,0.17849225339609803
9042,0.31780689006405916
9043,0.23586116728700046
9044,-0.20093254282718032
9045,0.24468832723593856
9046,-0.38003063385814484
9047,0.12448389738530186
9048,-0.07385318257652843
9049,0.3408466750494891
9050,-0.08932807738713516
9051,-0.14424204808889213
9052,-0.31322000338184525
9053,-0.12251115952737893
9054,0.0194790517087296
9055,0.33768229851019826
9056,-0.28034096604028963
9057,-0.13774403831887239
9058,0.1121301952586258
9059,-0.05279532015865715
9060,0.7139859775238069
9061,0.38522647302732943
9062,0.36589713304988203
9063,-0.22629124121276237
9064,0.14419763802126934
9065,0.3001693417410597
9066,0.5351718448625871
9067,0.38555148696622277
9068,0.023649825732439234
9069,0.28342604710181024
9070,0.2900181570627021
9071,0.023318787682742426
9072,-0.17376949167424457
9073,0.6222794883118551
9074,-0.1117527535910377
9075,0.22785327425716967
9076,-0.1335889286089515
9077,0.2954323068847494
9078,0.050481981056814396
9079,0.250013813955715
9080,0.08089271383815436
9081,0.08411304516334782
9082,-0.5178705651587957
9083,0.3341652372151901
9084,0.13999675939195974
9085,0.32091579486980226
9086,-0.05178842983700804
9087,0.17973486323745735
9088,0.01586405547012887
9089,0.04854284424614291
9090,-0.18469586140486613
9091,0.16589583504140437
9092,0.2531366838017431
9093,0.04104823713106459
9094,-0.051094543263643155
9095,-0.14912150896174764
9096,0.20243559672948033
9097,-0.02603714962005696
9098,0.2718255157471035
9099,0.15304251075227576
9100,0.5023831101046676
9101,0.1577439371426053
9102,0.33314743221142434
9103,0.3031186025759398
9104,-0.04232705017697386
9105,-0.23127596044892637
9106,0.5969316862406729
9107,0.2254799112626207
9108,-0.030274896456707168
9109,-0.047625009811033125
9110,-0.21702306573596414
9111,0.29184878338454173
9112,0.28985533260543744
9113,0.4756523622187872
9114,0.06543177278258222
9115,0.28436889784738945
9116,0.21274121245485847
9117,0.11948278191844425
9118,0.06028925300785737
9119,0.5731905010640506
9120,0.22054131983320024
9121,0.24208504658780408
9122,0.24495586532065433
9123,0.16332334403071624
9124,-0.14643206834414968
9125,0.47255708863775076
9126,0.006154101653244898
9127,-0.013371168028631836
9128,-0.026192760496521833
9129,0.35692535779276
9130,0.26059212083721206
9131,-0.6382917522902263
9132,0.12698363258452122
9133,-0.24117861733191456
9134,0.32675665515906827
9135,0.2883385536520143
9136,-0.2792415782005742
9137,0.29873348575580216
9138,0.15482408298265404
9139,0.00046251508546445164
9140,0.12394266005842314
9141,0.24664998040961467
9142,0.3022288869629685
9143,0.4584429911147688
9144,-0.15385415216879778
9145,0.08773661714313116
9146,0.33574863616067885
9147,0.460818689516115
9148,0.22474970115620355
9149,0.6419764180413192
9150,0.010931725062551356
9151,0.06868134807445035
9152,0.05452696877682725
9153,0.06422925534393126
9154,0.1012673520391453
9155,0.06653820343882433
9156,0.14530654578079757
9157,-0.031006287274729316
9158,0.09784226165563736
9159,-0.012489616843349927
9160,-0.17942096093875545
9161,0.24026280038644657
9162,0.19691770186223595
9163,0.12054094421208018
9164,0.3852576372507343
9165,0.20137839428807242
9166,0.4343145191902364
9167,0.08481727227621164
9168,0.29485351646735686
9169,0.08361388954205404
9170,0.11652689934350369
9171,-0.1621644057999329
9172,0.040883524550442474
9173,-0.009031716630800313
9174,0.036764288635934256
9175,-0.2650255687876073
9176,0.3632628566951287
9177,0.28280887504130914
9178,0.03796887309254526
9179,0.10368019030930858
9180,0.30120959032307404
9181,0.13438915642083998
9182,0.41156406579419036
9183,0.2561026027268557
9184,0.4017906826126854
9185,-0.009655801487682025
9186,-0.17873419695344261
9187,0.07133929019433854
9188,0.09644618346039857
9189,-0.021388119731658772
9190,-0.10653232828291379
9191,-0.24213520793697058
9192,-0.45204735127721896
9193,0.2774115016615037
9194,0.39562579218086275
9195,0.39941863676604494
9196,0.5219309009382818
9197,-0.34737918642567833
9198,0.3994054580729629
9199,-0.1341199285333189
9200,0.054235058110316085
9201,-0.011318451108528443
9202,-0.010019038308447775
9203,-0.08909563237009835
9204,0.3943110691623368
9205,0.24906764524347932
9206,0.013623123889461797
9207,0.027592171220668066
9208,0.1909660844772507
9209,0.23122137026134576
9210,-0.05019078907546415
9211,0.15756713539151884
9212,0.3742694421206663
9213,0.15588755879414354
9214,0.13205444997730997
9215,-0.00985800917829402
9216,0.026196233819606146
9217,0.4172573091102957
9218,0.018423599796860007
9219,0.09320763446031778
9220,-0.11040630278147578
9221,0.26663056516268085
9222,0.1554681032417097
9223,0.11281430568632622
9224,0.02339680111192738
9225,0.39552100043752575
9226,-0.24036308377457122
9227,0.03217358481454238
9228,0.11981520139961105
9229,0.12349209890936318
9230,0.0880427577514444
9231,0.6506849377664151
9232,0.12541224104583681
9233,0.1568580653266698
9234,0.1896324480497755
9235,0.5605974414691345
9236,0.1252348467122139
9237,0.21062215360270414
9238,-0.05827086859106925
9239,0.3261388001997817
9240,0.047095532798733186
9241,-0.18532719570941078
9242,0.36736725051439456
9243,0.46676136933974055
9244,0.08865009125293702
9245,0.19142456435300875
9246,0.06518477870182444
9247,-0.1440851234974473
9248,0.2120235930214443
9249,0.032927577416879
9250,0.21886139722043557
9251,0.22764867615070608
9252,-0.12394699621503483
9253,-0.037491034093995124
9254,0.11134559847340733
9255,0.5945604480067526
9256,0.365246852340943
9257,-0.014016884710135902
9258,0.2218538218607448
9259,0.11894767787977306
9260,0.1614524084910574
9261,0.18773018420539767
9262,0.3468206160458565
9263,0.24349082297007804
9264,-0.12623397966573763
9265,0.42348332246549847
9266,0.31917551755507634
9267,0.42130121193096515
9268,0.023497675625041542
9269,0.3703163175969581
9270,-0.13217775802792067
9271,0.007764969304954031
9272,-0.06526166144827406
9273,0.031620845058666275
9274,0.5442352103811776
9275,0.3174192401794803
9276,0.06133514100295265
9277,0.3220432250997717
9278,0.10204971610043997
9279,0.2454082842760009
9280,0.07924084536192483
9281,0.07165176947712704
9282,-0.18614000436423986
9283,-0.10481736929615562
9284,0.18182704789847054
9285,0.07967363814588002
9286,0.05062501158731453
9287,0.41888180389768825
9288,0.2902692692366035
9289,-0.19704647262969685
9290,0.003104063879245361
9291,0.004265021345830122
9292,0.246292855352681
9293,0.23899439779060666
9294,0.35135379805177197
9295,0.1957298766169542
9296,0.1332722547755228
9297,0.19873126155024656
9298,-0.1944133785260354
9299,0.32754823472973027
9300,0.32747111153356456
9301,0.04635140694061146
9302,0.20952674287057715
9303,-0.05967473214019736
9304,0.21081388144904978
9305,-0.10213598124042368
9306,-0.017990208653544393
9307,0.4378332855865507
9308,-0.24217892043758588
9309,0.013786259475400159
9310,0.10742003476508916
9311,0.25881214101820216
9312,0.2267937112757171
9313,0.1092233660758787
9314,0.33939087059896267
9315,-0.19512196818954972
9316,-0.12467266512807645
9317,0.17495437894961022
9318,0.34925275267376965
9319,0.09572871503545227
9320,0.389582712753733
9321,-0.19730526732334164
9322,-0.08504637527558978
9323,0.35313511153931276
9324,0.20696197393337104
9325,0.17903004746481993
9326,-0.04918291178716008
9327,0.01351731160641692
9328,0.23822891580258374
9329,0.035580077843241645
9330,-0.11029787164713434
9331,0.1626223366747674
9332,0.13969157268091958
9333,0.3151833979548712
9334,0.31601339724454974
9335,-0.23820572154837272
9336,0.17939704628718312
9337,0.33364388560256236
9338,0.26896136199050186
9339,0.8014169491711385
9340,0.3751084581518338
9341,0.35527632420372446
9342,0.014729103548409193
9343,0.5310691418158169
9344,-0.23036649143569496
9345,-0.017636244228904634
9346,-0.015773164735103568
9347,0.16291402975052244
9348,0.45375297471502596
9349,0.527302684854551
9350,0.2827619918069864
9351,0.10749101023309635
9352,0.41564476455062754
9353,-0.03672796252952537
9354,0.44506547990100664
9355,0.0726844977239242
9356,0.5198123128833029
9357,-0.02282265836546976
9358,0.2676200983678356
9359,-0.09439101813257929
9360,0.1788474559024302
9361,-0.024580739111644434
9362,0.1352803139659045
9363,0.18879776991897185
9364,0.20656604999329883
9365,0.017619096771706477
9366,-0.050566980908002164
9367,-0.4732082345744409
9368,0.21364742680667675
9369,0.36639499895227146
9370,0.25320550258677726
9371,0.3469320736041742
9372,-0.2578215118331535
9373,0.019590014775264952
9374,0.26376431870982364
9375,-0.004114103566713628
9376,0.22232275269879243
9377,0.21487778341016633
9378,0.019056436999826287
9379,0.2571906488713074
9380,-0.09534732799719114
9381,-0.2947535007026694
9382,0.4656447647856374
9383,-0.3223610755302759
9384,-0.06497270727499291
9385,0.20676529528067414
9386,0.4969390494707954
9387,0.15215314527222096
9388,0.08113777269508343
9389,-0.01837537449927533
9390,0.25859344467400236
9391,-0.018270040153844064
9392,0.22742583376010805
9393,-0.07084129565062325
9394,0.1148460439598194
9395,-0.2430332301292656
9396,-0.38534223695192504
9397,0.23380993790272092
9398,-0.21855425966691097
9399,0.29890240449033045
9400,0.23896281946098075
9401,-0.084618649698279
9402,0.19869739964694433
9403,0.09809630283468589
9404,0.16138158497957755
9405,0.2216190176986387
9406,0.23650877734553552
9407,0.017466937212774772
9408,0.45143405600213515
9409,0.16439618078501556
9410,0.0854745306045799
9411,0.00207417944332295
9412,0.27031680323146223
9413,0.13393546322104305
9414,-0.09633813277072262
9415,0.006942867515761342
9416,0.06065640978033643
9417,-0.34068398171476655
9418,0.09545471299603764
9419,0.24530622195351454
9420,0.2981281780812097
9421,0.19791087599252494
9422,-0.08957215350423506
9423,0.0822470276662044
9424,0.3733057822564643
9425,0.2683027515648693
9426,0.14233053956654537
9427,0.10840023442667307
9428,0.10835327871592118
9429,0.09126748803512169
9430,0.04436933644871899
9431,0.30004569903143397
9432,0.16925735366650307
9433,-0.002279215021626646
9434,-0.32635828401958866
9435,0.21921342711190908
9436,0.3620521014007976
9437,-0.09012356055143797
9438,0.4939934990796345
9439,0.12417355192537452
9440,0.017411855012422622
9441,0.35586242312954647
9442,-0.4208103870700395
9443,-0.2469319073240197
9444,0.08570950732061937
9445,0.5079549417171906
9446,-0.14475159663115653
9447,0.12983354333453995
9448,-0.021603039181160494
9449,0.28325004729491343
9450,0.3102837315231723
9451,0.14743930958649654
9452,0.12766473221448849
9453,0.13681936663684413
9454,0.09380843163324865
9455,-0.3048088328706836
9456,0.07866513786149784
9457,-0.00205849550728307
9458,0.10347618443923573
9459,0.4257814933869271
9460,0.06584335992960652
9461,-0.36246339274674705
9462,0.3564076429712875
9463,0.11022250433634093
9464,0.2051582676532281
9465,-0.1492216181450703
9466,0.058754326667942
9467,0.5957248439687495
9468,0.282978052158374
9469,0.3143156312654094
9470,0.0441065100404239
9471,0.17420298364908493
9472,0.21001197187264692
9473,0.14466053503423115
9474,0.419533459845438
9475,0.23174021731733668
9476,0.277100733480559
9477,0.04429232620700812
9478,0.09538991212591477
9479,0.11578784943092835
9480,0.27602137449015574
9481,0.03658955166294264
9482,0.45085075715410217
9483,0.2177641556752109
9484,-0.1390526921721899
9485,0.42945723021292487
9486,0.12272201680035735
9487,0.0977021044265329
9488,0.4426040349967884
9489,0.34024217785703426
9490,0.00533587793949114
9491,0.0890540933854766
9492,-0.2507386635140931
9493,0.11931797273881083
9494,0.040886364862781854
9495,0.059455140057293465
9496,0.6776556505949995
9497,0.07116615289007
9498,-0.05107741892937295
9499,-0.020399855388471902
9500,0.23988812186779657
9501,0.39117767060339154
9502,0.19483728405645973
9503,0.5053191713981109
9504,0.31890106425624465
9505,0.17986740305825152
9506,0.04080147844790266
9507,0.31617411877319157
9508,0.32577369866038475
9509,0.22692487596654776
9510,0.16533191580892656
9511,0.023696937918470683
9512,-0.02106197214729727
9513,0.13980732536489465
9514,0.31203752457185896
9515,0.003614792168428027
9516,0.047684409976568976
9517,0.07437227827001094
9518,0.07590447483154852
9519,-0.06078288750801933
9520,0.3300024799162576
9521,0.34096810040475284
9522,0.10561313925398418
9523,-0.15485341263161978
9524,0.11154378600515025
9525,0.04900282636750153
9526,-0.03239221622800348
9527,0.289078500540899
9528,0.009964835747527045
9529,-0.058841877118505415
9530,0.0692636862647963
9531,0.4761186965698219
9532,0.2531073161057758
9533,-0.03019236762656896
9534,0.20824973137504776
9535,0.23749430218442483
9536,0.37044983213431115
9537,0.4482630590822917
9538,0.23188137894923927
9539,-0.08322569726460861
9540,0.3569627637620857
9541,0.2577442498358996
9542,-0.25244162837920875
9543,-0.12259313180081413
9544,0.2398746726313174
9545,0.19602274380708637
9546,0.19044400551226487
9547,0.19507176347070018
9548,0.10769226210885766
9549,0.24183205147398162
9550,-0.09859367891676862
9551,0.30403847297625636
9552,-0.20352532551393426
9553,0.15137003098854934
9554,-0.2438658861479012
9555,0.02524789605034554
9556,0.20713676162734795
9557,-0.017339387795497763
9558,0.5672405535892118
9559,0.15416009125427443
9560,0.25290026504373897
9561,-0.11572119583901996
9562,0.038987255302686576
9563,-0.3231319859812819
9564,0.3071900348358884
9565,0.2128064445559323
9566,0.3055884217066063
9567,0.02663940276753056
9568,0.33537685459991273
9569,-0.060605447377127704
9570,0.40927516180112167
9571,0.26726564007187664
9572,-0.274129114656383
9573,0.11080647444480868
9574,-0.032971650842352096
9575,-0.10235401686027387
9576,0.22481650939838804
9577,0.5980617880052276
9578,-0.3222528141816086
9579,-0.17912313258007714
9580,0.379632967489938
9581,0.34822053047328716
9582,0.011132504458062777
9583,0.19919072427210344
9584,0.1690783503315465
9585,0.39344412391520217
9586,0.4367344813238271
9587,0.15995505767132298
9588,-0.3443796549018896
9589,0.4102715290693149
9590,0.5310150406400482
9591,0.5020075366024993
9592,0.03921247169443799
9593,-0.018482165237237613
9594,0.021029686718030682
9595,0.0033830264904471524
9596,-0.14961155456000275
9597,-0.022094118135840862
9598,0.491708866821551
9599,0.43843454968188894
9600,0.43894233581708814
9601,0.25492279900819986
9602,0.372726693939919
9603,0.08791093851288408
9604,0.37187584858627265
9605,0.10195174921202901
9606,0.2986836318517039
9607,0.056822238512087384
9608,0.4313101401354215
9609,0.12063234435933179
9610,0.07127034414609594
9611,0.4107142563741215
9612,0.39616606227344964
9613,0.22655770764263633
9614,0.41828064509850826
9615,0.09328985776404725
9616,-0.17500681680150598
9617,-0.16461742635618476
9618,0.33936862139209706
9619,-0.012162806967236353
9620,0.5596362984676625
9621,0.46228159238204386
9622,0.202608497653275
9623,0.301228317054237
9624,0.014202639672537126
9625,-0.15218149452320287
9626,0.19232695610504286
9627,0.24944612257064913
9628,0.37659574508870475
9629,0.47133198797125353
9630,0.2686589825720744
9631,-0.4081909436973755
9632,0.11388558879766686
9633,-0.38570756590282684
9634,0.09026624769842401
9635,0.07182105879844314
9636,-0.24068389071024004
9637,0.4591233960522893
9638,-0.14085498653644007
9639,-0.1269802030591026
9640,0.5649066092709857
9641,0.15974517734248173
9642,-0.24458683558561709
9643,-0.13922496268830942
9644,0.5779293815467141
9645,0.05609649007937162
9646,0.2301401932011603
9647,-0.1356404268181409
9648,0.4166981278368517
9649,0.27942713006540026
9650,0.1305257346082194
9651,-0.2142013829864196
9652,0.2883060640530217
9653,0.09106562965289994
9654,0.27867297234585253
9655,0.18417679543956644
9656,-0.38097663834323986
9657,0.3222337930499045
9658,-0.10227415998468882
9659,0.10609911772561353
9660,0.30445057497896244
9661,-4.20870609163515e-06
9662,0.231021092201256
9663,0.11316651974153707
9664,0.3201329194894005
9665,0.015911220887506405
9666,-0.11624738432395665
9667,0.35876123131664955
9668,0.3549845073736869
9669,0.008734450343419409
9670,0.258749029398204
9671,0.17528854265822053
9672,0.11082109772065975
9673,0.0861687023781855
9674,0.2121003102234305
9675,-0.03864705820707845
9676,-0.279832362798289
9677,0.35800136732768784
9678,-0.05143576678370962
9679,0.3868665450796619
9680,0.11980808604500276
9681,-0.14006571741248197
9682,0.10543697555813086
9683,0.27892021081294593
9684,-0.06968768491115696
9685,-0.3016932193810233
9686,0.229068044040993
9687,0.1547372823206298
9688,0.049125048804094296
9689,-0.027019793056693546
9690,-0.014354599938176602
9691,0.1450231454581835
9692,0.28006624172669436
9693,0.08026492992610967
9694,0.4706336618129031
9695,-0.05298498769807766
9696,0.555615777074669
9697,0.08915163735182352
9698,-0.18914587626324325
9699,0.404182840339475
9700,0.054999832998066656
9701,0.16030440480843536
9702,0.21397183414376186
9703,0.4730058022942858
9704,0.27263484185302655
9705,0.1076496319856904
9706,-0.05728927511149392
9707,0.24065655902260466
9708,0.2856511740000061
9709,0.37107736483005027
9710,0.2633110349495653
9711,0.07098826750242324
9712,-0.23085301660707075
9713,0.31894056277864996
9714,-0.4782146922808455
9715,0.3257364188176854
9716,-0.12598366781393874
9717,0.4236600588139626
9718,-0.02097647344827125
9719,0.0827053404454998
9720,-0.09549337152065496
9721,0.3633228971572306
9722,0.38436653326848147
9723,-0.01883929599594894
9724,-0.2027229664502903
9725,0.37470008352511697
9726,-0.29498501039251956
9727,-0.0740898852099478
9728,-0.01595370090261672
9729,0.31503112726312665
9730,-0.18779887133771372
9731,0.26943851009833947
9732,0.40344279552990575
9733,-0.29874862134952157
9734,-0.15620925653427187
9735,0.11947341598456729
9736,0.025976527729561827
9737,-0.0260659566080558
9738,0.13436065108001571
9739,-0.022921000657965
9740,0.1619773026549702
9741,0.15765903534898557
9742,0.6523665082965407
9743,0.45797797184922795
9744,-0.014357736805690718
9745,-0.10903728480898922
9746,0.25262163543996785
9747,0.21050563726104765
9748,0.16817024169603512
9749,0.41598366585800506
9750,0.397143152710393
9751,0.27411052844658196
9752,0.00423351148024842
9753,0.037209217851951526
9754,0.14440778397515475
9755,-0.1334830834274725
9756,0.25776788568348047
9757,0.18702051230612696
9758,0.04801992557607071
9759,0.394818444701809
9760,0.19959672025975098
9761,0.3535696520278583
9762,-0.1015219681109171
9763,0.13877053633481684
9764,-0.269955874032024
9765,-0.19663032729685115
9766,-0.19073954358752337
9767,-0.011400222365494206
9768,0.09879863768407587
9769,0.1544050744521055
9770,0.1508949421541949
9771,0.35006715313629877
9772,-0.08609919717099546
9773,0.47596749998406707
9774,0.031734518600149635
9775,-0.1332855807838893
9776,0.23436316346633906
9777,0.26186536639576113
9778,0.01008106225309352
9779,0.2904566280427501
9780,0.04489659625676684
9781,0.2653425030603259
9782,0.3761311163396535
9783,0.28956071238726844
9784,0.15262381534276492
9785,0.13425109608975927
9786,0.062175197134047774
9787,0.3247071925446059
9788,0.5430924355062102
9789,0.3956735966527973
9790,0.1253825857594729
9791,-0.010236725641357192
9792,0.2629700755946591
9793,0.4963171440503541
9794,0.42939105894441065
9795,0.07095374358492287
9796,0.12151486661479574
9797,0.2418006421467921
9798,0.054563768156257686
9799,0.2518973782554478
9800,0.29931992564289994
9801,-0.14294275702023834
9802,0.23611456572502584
9803,0.4441614970446527
9804,0.2355075607493079
9805,0.3647903337812757
9806,0.16412576302552975
9807,-0.06204646573869527
9808,0.30759226239288473
9809,-0.18984642723266998
9810,0.09651604615176593
9811,0.3607666847658517
9812,0.09058213429689543
9813,0.5603018038455856
9814,0.44908283282941447
9815,0.32415957157105385
9816,0.4645996166296742
9817,0.17702871975417683
9818,-0.4950452086647694
9819,-0.0056898984307155315
9820,0.2192639953997115
9821,0.11938855110418224
9822,0.45023899725221356
9823,0.31199971980706637
9824,0.1477617412170666
9825,-0.007004117763278417
9826,0.05215724245455444
9827,0.12640794568107788
9828,0.32278756416271204
9829,0.22647217729414781
9830,0.29479117371036057
9831,-0.08953462903249279
9832,-0.2783337649396314
9833,0.5524922998604339
9834,-0.5836491111216027
9835,0.06269888673268216
9836,0.11708562670766902
9837,0.06172064988834833
9838,0.1249874443890086
9839,0.2908074608244737
9840,0.37082304037057984
9841,0.2649880806749263
9842,-0.23243919832035947
9843,0.6632409458204911
9844,0.5017605206073393
9845,-0.2032939513302034
9846,0.23082020171506012
9847,0.03669262628764357
9848,-0.12312867965273716
9849,0.27246788100019464
9850,-0.0900034378028525
9851,0.2299791094593488
9852,0.2578027051893105
9853,-0.20109047405452288
9854,0.07473360845846279
9855,0.1440626366902568
9856,0.3297230858501847
9857,0.44621365430835747
9858,0.33618318558911897
9859,-0.1541950186324155
9860,0.09560248080474792
9861,0.4375088872280099
9862,-0.10235862780991828
9863,0.10884588217193439
9864,0.2377364989957867
9865,0.011862659056443528
9866,-0.04526622346552989
9867,0.4749983420276416
9868,0.012351344146244059
9869,0.1115371909681746
9870,0.34431726784348604
9871,0.03132826437227554
9872,-0.026800419602483777
9873,0.33500724421656114
9874,0.36981480596716243
9875,0.2982883918485675
9876,0.22606593573004286
9877,0.16428047277055025
9878,0.001323199160332661
9879,0.3948522219354076
9880,0.12522846304292626
9881,0.003535226310708628
9882,-0.08673974328641643
9883,0.1432799457433331
9884,0.48058992467547906
9885,0.3160304274574174
9886,0.32854788870504875
9887,0.256388910312462
9888,0.22266426154411495
9889,0.11717561160160184
9890,-0.2743778114425839
9891,-0.1428131876298571
9892,0.37212354312795526
9893,0.12668994689969626
9894,0.0030055697340237164
9895,0.001256854558399606
9896,0.36357743460163394
9897,-0.4843706611059169
9898,0.3524671075345359
9899,0.4032588552942358
9900,0.20113087704311872
9901,0.01011891423308059
9902,-0.13422687783661852
9903,0.2491857977323164
9904,0.2261033480008806
9905,-0.09254634841931142
9906,-0.03760423776340516
9907,0.4069203311737321
9908,0.4256436707200334
9909,0.06607631803557601
9910,0.030339504665612305
9911,-0.0781725725557939
9912,0.3081291279784414
9913,-0.07609953312486045
9914,0.41118122475239305
9915,0.19202875504838646
9916,0.27392544853430284
9917,0.1652419899398084
9918,0.03207675618752559
9919,0.33108608118641525
9920,-0.013392233632492367
9921,-0.27448580769314834
9922,-0.21782706801665272
9923,0.22594982235505512
9924,0.24091801212848207
9925,0.07287969592606346
9926,0.020671727482447517
9927,0.02855327500282323
9928,0.563650786687426
9929,0.16528421480601008
9930,0.29062879831288646
9931,0.01834254357923981
9932,-0.01688955000632681
9933,0.4643955351513874
9934,0.3210233127117622
9935,0.43670179425186495
9936,0.2529907808399768
9937,0.08622751377800719
9938,0.24448525709642321
9939,-0.225521908502602
9940,0.05835558966004978
9941,0.31107682893768374
9942,-0.34315582315808024
9943,0.21041211712277877
9944,0.23509158407617037
9945,0.1263527195506501
9946,0.1457800602617656
9947,0.33480168813096434
9948,-0.19035560230336307
9949,0.35101823269276633
9950,0.24640336035782923
9951,0.12540451990758783
9952,0.08682565039341593
9953,0.21845353703157094
9954,-0.1490895709827072
9955,0.06287012517231888
9956,0.3717587805826619
9957,0.2896142235950225
9958,-0.06452772967072085
9959,-0.5353621595064129
9960,0.17701773781014968
9961,0.10852992402177394
9962,-0.0011243774520942607
9963,0.5823650707022155
9964,0.26548474271398825
9965,0.39106405390218923
9966,0.3842436347162548
9967,0.27792029585637046
9968,0.18047706849655853
9969,0.1514320348192841
9970,0.1471033427244589
9971,0.2003439237745514
9972,0.3407470249390911
9973,-0.1445443886581567
9974,0.4325665250842573
9975,0.01916459035731223
9976,0.1302041787456798
9977,0.3444570722030794
9978,0.42116845678540943
9979,-0.28212520102045635
9980,0.14896988781715265
9981,0.11592078182230173
9982,0.22329261161997094
9983,0.31474989833223643
9984,0.13061609908342658
9985,-0.01243391851214204
9986,-0.30019046816677564
9987,0.3078857708174563
9988,0.068707611226554
9989,-0.1555807216274003
9990,0.2691505466757702
9991,0.2521706766085977
9992,0.4568658742085107
9993,0.49384096605449607
9994,-0.02427349540735567
9995,0.12016250361306625
9996,-0.031870028738168577
9997,0.0007203674957483308
9998,0.14689600374047634
9999,0.3370493914118275
